review,sentimento,nota,banco
"Fila de espera eterna para falar com humano, é impossível Vou cancelar.",negativo,2,Neon
Satisfeito com o básico mas quero ver evolução nos próximos meses Está de bom tamanho.,neutro,3,PicPay
"Extrato detalhado e claro, consigo entender todos os gastos facilmente com certeza.",positivo,5,Bradesco
"Sem cobranças escondidas, totalmente transparente com as tarifas com certeza.",positivo,5,Nubank
"Prefiro para conta corrente, para investimentos tem opções melhores Vou continuar usando.",neutro,3,Banco do Brasil
"Não consigo acessar minha conta há dias, suporte não resolve Vou cancelar.",negativo,2,Inter
"Uso para transferências simples, funciona bem para isso Está de bom tamanho.",neutro,3,Bradesco
"Não consigo acessar minha conta há dias, suporte não resolve Não recomendo.",negativo,2,Next
"Suporte robotizado que não resolve nada, completamente inútil Nunca mais.",negativo,1,Inter
Suporte demora às vezes mas resolve no final das contas Está de bom tamanho.,neutro,3,Next
"App simples e direto, sem muitos recursos mas cumpre o básico ",neutro,3,Bradesco
"Sistema fora do ar nos fins de semana, totalmente irresponsável Péssimo.",negativo,1,Bradesco
"App simples e direto, sem muitos recursos mas cumpre o básico Está de bom tamanho.",neutro,3,C6 Bank
Conta bloqueada por suspeita de fraude mesmo sendo transação minha Nunca mais.,negativo,1,PicPay
Atendimento ok mas poderia ser mais rápido em horários de pico Aguardando melhorias.,neutro,3,Itaú
"Excelente experiência com o suporte via WhatsApp, muito ágil no geral.",positivo,4,PicPay
Suporte demora às vezes mas resolve no final das contas Vou continuar usando.,neutro,3,Inter
"Estorno demorou 30 dias, totalmente inadmissível ",negativo,2,Neon
"Aplicativo horrível no iOS, não abre desde a última atualização Vou cancelar.",negativo,2,Inter
"Melhor banco que já tive, zero tarifas e suporte incrível com certeza.",positivo,5,Banco do Brasil
Cobraram IOF absurdo sem informar antes da compra internacional ,negativo,1,PicPay
Transferência rejeitada sem motivo nenhum e sem explicação Absurdo.,negativo,2,Banco do Brasil
Atendimento ok mas poderia ser mais rápido em horários de pico Aguardando melhorias.,neutro,3,Neon
"Banco novo ainda se desenvolvendo, tem potencial mas falta recurso ",neutro,3,Neon
"Rendimento mediano, existem opções melhores no mercado hoje No geral ok.",neutro,3,C6 Bank
"Rendimento da conta superior aos outros bancos, ótima opção vale muito a pena.",positivo,4,Bradesco
"Cartão sem anuidade e cashback real, estou muito satisfeito ",positivo,5,Banco do Brasil
"Ótimo banco digital, recomendo para todos os meus amigos ",positivo,5,Bradesco
"Banco razoável, tem pontos bons e pontos a melhorar ainda Aguardando melhorias.",neutro,3,Neon
"App lento e cheio de bugs, precisa melhorar urgentemente Vou cancelar.",negativo,1,Bradesco
"Cancelei o cartão e continuaram cobrando anuidade, absurdo ",negativo,1,Inter
"Abri minha conta em minutos, processo simples e rápido no geral.",positivo,4,Itaú
"App lento e cheio de bugs, precisa melhorar urgentemente Absurdo.",negativo,1,Itaú
Transferência rejeitada sem motivo nenhum e sem explicação Absurdo.,negativo,2,Inter
"Não consigo acessar o extrato antigo, app apagou tudo ",negativo,1,PicPay
Algumas funcionalidades boas mas falta o cartão físico virtual No geral ok.,neutro,3,Itaú
"Banco que valoriza o cliente, promoções e benefícios reais sempre.",positivo,5,Itaú
"App estável e bonito, atualizações sempre melhoram a experiência sempre.",positivo,4,Santander
"Não consigo acessar o extrato antigo, app apagou tudo Absurdo.",negativo,1,Neon
Atendentes mal treinados que não sabem responder nada Vou cancelar.,negativo,2,Neon
"Uso para transferências simples, funciona bem para isso Está de bom tamanho.",neutro,3,Nubank
Transferência rejeitada sem motivo nenhum e sem explicação Vou cancelar.,negativo,1,Santander
"App simples e direto, sem muitos recursos mas cumpre o básico ",neutro,3,Bradesco
"Aplicativo horrível no iOS, não abre desde a última atualização Não recomendo.",negativo,2,Next
"App muito bom, transferências instantâneas sem nenhum problema ",positivo,5,Banco do Brasil
App travou durante uma transferência e o dinheiro sumiu do saldo Péssimo.,negativo,1,Bradesco
"Limite de crédito aumentado sem eu pedir, banco confiante no cliente sempre.",positivo,4,Next
"App simples e direto, sem muitos recursos mas cumpre o básico Está de bom tamanho.",neutro,3,Santander
Investi meu dinheiro pelo app e o processo foi muito simples no geral.,positivo,5,Next
"Funciona bem para uso cotidiano, falta melhorar o suporte avançado No geral ok.",neutro,3,Banco do Brasil
Conta bloqueada por suspeita de fraude mesmo sendo transação minha Absurdo.,negativo,1,C6 Bank
Conta bloqueada por suspeita de fraude mesmo sendo transação minha Nunca mais.,negativo,2,C6 Bank
"Tarifas aceitáveis, não é o mais barato mas também não é caro ",neutro,3,Itaú
"Crédito aprovado na hora, processo 100% digital e sem burocracia vale muito a pena.",positivo,5,Next
"Melhor banco que já tive, zero tarifas e suporte incrível todo dia uso.",positivo,5,Banco do Brasil
"Melhor banco que já tive, zero tarifas e suporte incrível sem dúvida.",positivo,4,Neon
"Sem cobranças escondidas, totalmente transparente com as tarifas sempre.",positivo,4,Next
Bloquearam meu cartão sem motivo e não consegui desbloquear Evitem.,negativo,2,Next
"Não consigo acessar minha conta há dias, suporte não resolve Evitem.",negativo,2,Next
"Prefiro para conta corrente, para investimentos tem opções melhores Vou continuar usando.",neutro,3,Itaú
"App muito bom, transferências instantâneas sem nenhum problema todo dia uso.",positivo,5,Neon
App funciona bem na maioria das vezes mas às vezes trava ,neutro,3,Banco do Brasil
Atendimento ok mas poderia ser mais rápido em horários de pico Está de bom tamanho.,neutro,3,Inter
"Aplicativo horrível no iOS, não abre desde a última atualização ",negativo,2,Next
"Prefiro para conta corrente, para investimentos tem opções melhores Está de bom tamanho.",neutro,3,C6 Bank
Conta bloqueada por suspeita de fraude mesmo sendo transação minha Decepcionante.,negativo,2,Banco do Brasil
"Cancelei o cartão e continuaram cobrando anuidade, absurdo Nunca mais.",negativo,1,Santander
"Rendimento mediano, existem opções melhores no mercado hoje No geral ok.",neutro,3,Next
"Abri minha conta em minutos, processo simples e rápido do banco.",positivo,5,Inter
"Funciona bem para uso cotidiano, falta melhorar o suporte avançado ",neutro,3,Bradesco
"Nunca tive problemas com o app, sempre funciona perfeitamente no geral.",positivo,4,Itaú
"Conta salário sem taxas, economizo muito todo mês todo dia uso.",positivo,5,Inter
Meu pix sumiu e o banco não me dá retorno nenhum Nunca mais.,negativo,2,Neon
"Notificações em tempo real de todas as transações, me sinto seguro com certeza.",positivo,5,C6 Bank
Conta bloqueada por suspeita de fraude mesmo sendo transação minha Nunca mais.,negativo,2,Itaú
App funciona bem na maioria das vezes mas às vezes trava No geral ok.,neutro,3,Itaú
"Sem cobranças escondidas, totalmente transparente com as tarifas sempre.",positivo,4,Nubank
"Nada de especial, igual a outros bancos digitais do mercado No geral ok.",neutro,3,C6 Bank
Atendentes mal treinados que não sabem responder nada Absurdo.,negativo,2,PicPay
"Banco novo ainda se desenvolvendo, tem potencial mas falta recurso No geral ok.",neutro,3,Bradesco
"Nunca tive problemas com o app, sempre funciona perfeitamente ",positivo,5,Itaú
"Suporte robotizado que não resolve nada, completamente inútil Não recomendo.",negativo,2,Inter
"Atendimento via chat foi excelente, resolveram tudo rapidamente sempre.",positivo,4,Nubank
"Nada de especial, igual a outros bancos digitais do mercado Está de bom tamanho.",neutro,3,Nubank
"Suporte robotizado que não resolve nada, completamente inútil Nunca mais.",negativo,1,Nubank
"Tarifas abusivas, cobram por tudo e explicam muito mal Não recomendo.",negativo,1,Nubank
Transferência rejeitada sem motivo nenhum e sem explicação Decepcionante.,negativo,2,Next
"Não consigo acessar o extrato antigo, app apagou tudo Decepcionante.",negativo,2,PicPay
Limite ridículo que não aumenta mesmo com bom histórico ,negativo,1,Itaú
"Atendimento horrível, fiquei 2 horas esperando na fila do chat Não recomendo.",negativo,1,Next
App travou durante uma transferência e o dinheiro sumiu do saldo Vou cancelar.,negativo,1,Bradesco
"Não consigo acessar o extrato antigo, app apagou tudo Vou cancelar.",negativo,1,Itaú
"Banco razoável, tem pontos bons e pontos a melhorar ainda Aguardando melhorias.",neutro,3,Santander
Atendentes mal treinados que não sabem responder nada Decepcionante.,negativo,1,Banco do Brasil
"Rendimento mediano, existem opções melhores no mercado hoje ",neutro,3,C6 Bank
"Atendimento rápido e eficiente, resolveram meu problema em minutos do banco.",positivo,5,Itaú
"Notificações em tempo real de todas as transações, me sinto seguro vale muito a pena.",positivo,4,Neon
"Banco razoável, tem pontos bons e pontos a melhorar ainda Aguardando melhorias.",neutro,3,Bradesco
"Não consigo acessar o extrato antigo, app apagou tudo ",negativo,2,Itaú
"Prefiro para conta corrente, para investimentos tem opções melhores Está de bom tamanho.",neutro,3,Neon
"Suporte robotizado que não resolve nada, completamente inútil Vou cancelar.",negativo,2,Nubank
"Atendimento horrível, fiquei 2 horas esperando na fila do chat ",negativo,1,C6 Bank
"Notificações em tempo real de todas as transações, me sinto seguro nunca decepcionou.",positivo,5,Inter
"Banco novo ainda se desenvolvendo, tem potencial mas falta recurso ",neutro,3,C6 Bank
"Aplicativo horrível no iOS, não abre desde a última atualização Evitem.",negativo,2,Itaú
"Banco novo ainda se desenvolvendo, tem potencial mas falta recurso No geral ok.",neutro,3,Inter
"App simples e direto, sem muitos recursos mas cumpre o básico ",neutro,3,Neon
Conta bloqueada por suspeita de fraude mesmo sendo transação minha ,negativo,1,PicPay
Suporte demora às vezes mas resolve no final das contas Está de bom tamanho.,neutro,3,C6 Bank
App funciona bem na maioria das vezes mas às vezes trava No geral ok.,neutro,3,C6 Bank
Atendimento ok mas poderia ser mais rápido em horários de pico Vou continuar usando.,neutro,3,Next
"Nunca tive problemas com o app, sempre funciona perfeitamente nunca decepcionou.",positivo,5,Neon
"Extrato detalhado e claro, consigo entender todos os gastos facilmente sempre.",positivo,5,C6 Bank
"Interface linda e funcional, uso todos os dias sem problemas sem dúvida.",positivo,5,C6 Bank
"Estou muito feliz com a decisão de trocar de banco, recomendo no geral.",positivo,4,C6 Bank
"Ótimo banco digital, recomendo para todos os meus amigos no geral.",positivo,5,Itaú
Fraude na minha conta e o banco demora semanas para resolver Vou cancelar.,negativo,2,Nubank
"App muito bom, transferências instantâneas sem nenhum problema nunca decepcionou.",positivo,4,PicPay
Atendimento ok mas poderia ser mais rápido em horários de pico Está de bom tamanho.,neutro,3,PicPay
"Crédito aprovado na hora, processo 100% digital e sem burocracia no geral.",positivo,5,C6 Bank
"Abri minha conta em minutos, processo simples e rápido vale muito a pena.",positivo,5,Neon
"Banco que valoriza o cliente, promoções e benefícios reais sempre.",positivo,4,Nubank
"Nada de especial, igual a outros bancos digitais do mercado Aguardando melhorias.",neutro,3,Santander
Atendimento ok mas poderia ser mais rápido em horários de pico Vou continuar usando.,neutro,3,Santander
"Prefiro para conta corrente, para investimentos tem opções melhores Está de bom tamanho.",neutro,3,Itaú
Conta sem tarifas mas o limite de crédito poderia ser maior Está de bom tamanho.,neutro,3,Nubank
"Abri minha conta em minutos, processo simples e rápido nunca decepcionou.",positivo,4,Itaú
"Atendimento rápido e eficiente, resolveram meu problema em minutos do banco.",positivo,5,Next
"Não consigo acessar minha conta há dias, suporte não resolve ",negativo,2,Bradesco
"Banco razoável, tem pontos bons e pontos a melhorar ainda No geral ok.",neutro,3,Itaú
App travou durante uma transferência e o dinheiro sumiu do saldo Absurdo.,negativo,2,Bradesco
"Nada de especial, igual a outros bancos digitais do mercado Aguardando melhorias.",neutro,3,Itaú
"Pior experiência bancária da minha vida, vou cancelar a conta Decepcionante.",negativo,1,C6 Bank
"Nunca tive problemas com o app, sempre funciona perfeitamente vale muito a pena.",positivo,4,Bradesco
"Notificações em tempo real de todas as transações, me sinto seguro no geral.",positivo,4,C6 Bank
"App simples e direto, sem muitos recursos mas cumpre o básico Aguardando melhorias.",neutro,3,Bradesco
"Aplicativo muito seguro, autenticação por biometria funciona perfeitamente ",positivo,5,Banco do Brasil
"Melhor banco que já tive, zero tarifas e suporte incrível com certeza.",positivo,5,Bradesco
"Estou muito feliz com a decisão de trocar de banco, recomendo com certeza.",positivo,5,Neon
Atendimento ok mas poderia ser mais rápido em horários de pico Vou continuar usando.,neutro,3,Inter
"Cobraram tarifa que não estava prevista, uma vergonha ",negativo,1,Santander
"Atendimento via chat foi excelente, resolveram tudo rapidamente no geral.",positivo,5,PicPay
"Ótimo banco digital, recomendo para todos os meus amigos todo dia uso.",positivo,5,Inter
"Atendimento rápido e eficiente, resolveram meu problema em minutos no geral.",positivo,5,PicPay
"Suporte humanizado e ágil, nunca precisei esperar muito sempre.",positivo,4,Bradesco
"Nada de especial, igual a outros bancos digitais do mercado Está de bom tamanho.",neutro,3,Banco do Brasil
"Suporte robotizado que não resolve nada, completamente inútil Absurdo.",negativo,1,C6 Bank
App funciona bem na maioria das vezes mas às vezes trava Está de bom tamanho.,neutro,3,Banco do Brasil
"Banco que valoriza o cliente, promoções e benefícios reais nunca decepcionou.",positivo,4,Next
"Banco razoável, tem pontos bons e pontos a melhorar ainda Vou continuar usando.",neutro,3,Neon
"Limite de crédito aumentado sem eu pedir, banco confiante no cliente com certeza.",positivo,5,Bradesco
Algumas funcionalidades boas mas falta o cartão físico virtual Aguardando melhorias.,neutro,3,Nubank
"Notificações em tempo real de todas as transações, me sinto seguro vale muito a pena.",positivo,5,PicPay
Satisfeito com o básico mas quero ver evolução nos próximos meses No geral ok.,neutro,3,Bradesco
"Aplicativo muito seguro, autenticação por biometria funciona perfeitamente no geral.",positivo,5,Bradesco
"Limite de crédito aumentado sem eu pedir, banco confiante no cliente ",positivo,4,Nubank
"Não consigo acessar minha conta há dias, suporte não resolve Absurdo.",negativo,2,PicPay
"Pior experiência bancária da minha vida, vou cancelar a conta Não recomendo.",negativo,1,Neon
"Suporte robotizado que não resolve nada, completamente inútil Nunca mais.",negativo,1,Bradesco
Atendentes mal treinados que não sabem responder nada Nunca mais.,negativo,1,Next
"Uso para transferências simples, funciona bem para isso ",neutro,3,Inter
"Aplicativo horrível no iOS, não abre desde a última atualização Decepcionante.",negativo,1,Banco do Brasil
"Suporte robotizado que não resolve nada, completamente inútil Péssimo.",negativo,2,Next
"Tarifas aceitáveis, não é o mais barato mas também não é caro Está de bom tamanho.",neutro,3,Inter
"Excelente experiência com o suporte via WhatsApp, muito ágil todo dia uso.",positivo,4,Bradesco
"Funciona bem para uso cotidiano, falta melhorar o suporte avançado No geral ok.",neutro,3,Neon
"App lento e cheio de bugs, precisa melhorar urgentemente Absurdo.",negativo,2,C6 Bank
"Rendimento da conta superior aos outros bancos, ótima opção ",positivo,5,Neon
"Transferência via Pix funcionou perfeitamente, sem demora nenhuma com certeza.",positivo,4,C6 Bank
"Banco que valoriza o cliente, promoções e benefícios reais todo dia uso.",positivo,4,PicPay
Meu pix sumiu e o banco não me dá retorno nenhum Péssimo.,negativo,1,Itaú
"Nada de especial, igual a outros bancos digitais do mercado ",neutro,3,Bradesco
"Prefiro para conta corrente, para investimentos tem opções melhores Está de bom tamanho.",neutro,3,C6 Bank
Conta sem tarifas mas o limite de crédito poderia ser maior ,neutro,3,Neon
"Banco novo ainda se desenvolvendo, tem potencial mas falta recurso Aguardando melhorias.",neutro,3,Neon
Suporte demora às vezes mas resolve no final das contas Está de bom tamanho.,neutro,3,Bradesco
Algumas funcionalidades boas mas falta o cartão físico virtual Está de bom tamanho.,neutro,3,Itaú
"Sistema fora do ar nos fins de semana, totalmente irresponsável Péssimo.",negativo,2,Bradesco
"Nada de especial, igual a outros bancos digitais do mercado Está de bom tamanho.",neutro,3,Neon
"Estorno demorou 30 dias, totalmente inadmissível Péssimo.",negativo,2,C6 Bank
"Limite de crédito aumentado sem eu pedir, banco confiante no cliente sempre.",positivo,5,C6 Bank
"Ótimo banco digital, recomendo para todos os meus amigos com certeza.",positivo,5,Itaú
"Banco novo ainda se desenvolvendo, tem potencial mas falta recurso Está de bom tamanho.",neutro,3,Nubank
Fraude na minha conta e o banco demora semanas para resolver Vou cancelar.,negativo,1,PicPay
"Melhor banco que já tive, zero tarifas e suporte incrível do banco.",positivo,5,Inter
"Rendimento mediano, existem opções melhores no mercado hoje No geral ok.",neutro,3,Nubank
"Excelente experiência com o suporte via WhatsApp, muito ágil sempre.",positivo,4,C6 Bank
"Cobraram anuidade que disseram que seria zero, propaganda enganosa Péssimo.",negativo,2,Bradesco
App funciona bem na maioria das vezes mas às vezes trava Vou continuar usando.,neutro,3,Banco do Brasil
App funciona bem na maioria das vezes mas às vezes trava Está de bom tamanho.,neutro,3,Itaú
Algumas funcionalidades boas mas falta o cartão físico virtual ,neutro,3,Itaú
"Funciona bem para uso cotidiano, falta melhorar o suporte avançado No geral ok.",neutro,3,Bradesco
"Suporte humanizado e ágil, nunca precisei esperar muito sempre.",positivo,5,Bradesco
"Notificações em tempo real de todas as transações, me sinto seguro com certeza.",positivo,5,PicPay
Limite ridículo que não aumenta mesmo com bom histórico ,negativo,2,C6 Bank
"Conta salário sem taxas, economizo muito todo mês sem dúvida.",positivo,4,PicPay
"Crédito aprovado na hora, processo 100% digital e sem burocracia no geral.",positivo,5,Banco do Brasil
"Crédito aprovado na hora, processo 100% digital e sem burocracia do banco.",positivo,5,Next
"Sem cobranças escondidas, totalmente transparente com as tarifas todo dia uso.",positivo,4,Santander
App travou durante uma transferência e o dinheiro sumiu do saldo Absurdo.,negativo,2,Itaú
"App simples e direto, sem muitos recursos mas cumpre o básico ",neutro,3,Nubank
"App muito bom, transferências instantâneas sem nenhum problema vale muito a pena.",positivo,5,C6 Bank
"Excelente experiência com o suporte via WhatsApp, muito ágil nunca decepcionou.",positivo,4,Neon
"Funciona bem para uso cotidiano, falta melhorar o suporte avançado Aguardando melhorias.",neutro,3,Inter
Atendentes mal treinados que não sabem responder nada Absurdo.,negativo,1,Inter
Atendimento ok mas poderia ser mais rápido em horários de pico Vou continuar usando.,neutro,3,Inter
Investi meu dinheiro pelo app e o processo foi muito simples sempre.,positivo,5,C6 Bank
"Estou muito feliz com a decisão de trocar de banco, recomendo do banco.",positivo,5,Next
"Transferência via Pix funcionou perfeitamente, sem demora nenhuma ",positivo,5,Next
Conta sem tarifas mas o limite de crédito poderia ser maior ,neutro,3,Neon
"Nada de especial, igual a outros bancos digitais do mercado Está de bom tamanho.",neutro,3,Bradesco
"Cartão sem anuidade e cashback real, estou muito satisfeito sempre.",positivo,4,Itaú
"App simples e direto, sem muitos recursos mas cumpre o básico No geral ok.",neutro,3,Neon
"Não consigo acessar o extrato antigo, app apagou tudo Não recomendo.",negativo,2,Next
"Atendimento horrível, fiquei 2 horas esperando na fila do chat Absurdo.",negativo,2,Inter
"Melhor banco que já tive, zero tarifas e suporte incrível com certeza.",positivo,5,Santander
Suporte demora às vezes mas resolve no final das contas Está de bom tamanho.,neutro,3,Banco do Brasil
Cobraram IOF absurdo sem informar antes da compra internacional ,negativo,2,PicPay
Limite ridículo que não aumenta mesmo com bom histórico Péssimo.,negativo,1,Banco do Brasil
"Melhor banco que já tive, zero tarifas e suporte incrível do banco.",positivo,4,Bradesco
Satisfeito com o básico mas quero ver evolução nos próximos meses Vou continuar usando.,neutro,3,C6 Bank
"Extrato detalhado e claro, consigo entender todos os gastos facilmente ",positivo,5,Inter
"Suporte robotizado que não resolve nada, completamente inútil Não recomendo.",negativo,1,Banco do Brasil
"Funciona bem para uso cotidiano, falta melhorar o suporte avançado No geral ok.",neutro,3,Santander
App funciona bem na maioria das vezes mas às vezes trava Vou continuar usando.,neutro,3,Neon
Transferência rejeitada sem motivo nenhum e sem explicação Decepcionante.,negativo,2,Santander
"Rendimento mediano, existem opções melhores no mercado hoje Aguardando melhorias.",neutro,3,Bradesco
"Funciona bem para uso cotidiano, falta melhorar o suporte avançado Está de bom tamanho.",neutro,3,Santander
"Fila de espera eterna para falar com humano, é impossível Vou cancelar.",negativo,1,Banco do Brasil
"Uso para transferências simples, funciona bem para isso Está de bom tamanho.",neutro,3,Nubank
"App muito bom, transferências instantâneas sem nenhum problema sempre.",positivo,5,Itaú
"Limite de crédito aumentado sem eu pedir, banco confiante no cliente ",positivo,5,PicPay
"Banco que valoriza o cliente, promoções e benefícios reais vale muito a pena.",positivo,4,Nubank
Algumas funcionalidades boas mas falta o cartão físico virtual Aguardando melhorias.,neutro,3,Bradesco
"Transferência via Pix funcionou perfeitamente, sem demora nenhuma sempre.",positivo,4,Next
"App estável e bonito, atualizações sempre melhoram a experiência ",positivo,4,Itaú
"Nunca tive problemas com o app, sempre funciona perfeitamente do banco.",positivo,4,Bradesco
"Cartão sem anuidade e cashback real, estou muito satisfeito com certeza.",positivo,4,PicPay
"Limite de crédito aumentado sem eu pedir, banco confiante no cliente com certeza.",positivo,5,Inter
"Aplicativo horrível no iOS, não abre desde a última atualização Evitem.",negativo,2,Banco do Brasil
"Atendimento via chat foi excelente, resolveram tudo rapidamente com certeza.",positivo,4,Inter
"App estável e bonito, atualizações sempre melhoram a experiência com certeza.",positivo,5,Nubank
Fraude na minha conta e o banco demora semanas para resolver Evitem.,negativo,1,Next
"Abri minha conta em minutos, processo simples e rápido sem dúvida.",positivo,4,Next
"App muito bom, transferências instantâneas sem nenhum problema sem dúvida.",positivo,4,C6 Bank
App travou durante uma transferência e o dinheiro sumiu do saldo Absurdo.,negativo,1,Banco do Brasil
"Banco que valoriza o cliente, promoções e benefícios reais sempre.",positivo,4,PicPay
Limite ridículo que não aumenta mesmo com bom histórico ,negativo,1,Santander
Cobraram IOF absurdo sem informar antes da compra internacional Vou cancelar.,negativo,1,Inter
"Suporte robotizado que não resolve nada, completamente inútil Nunca mais.",negativo,1,Inter
Transferência rejeitada sem motivo nenhum e sem explicação ,negativo,1,Bradesco
Suporte demora às vezes mas resolve no final das contas Aguardando melhorias.,neutro,3,Banco do Brasil
"Fila de espera eterna para falar com humano, é impossível ",negativo,1,PicPay
"Cancelei o cartão e continuaram cobrando anuidade, absurdo Decepcionante.",negativo,2,Itaú
"Extrato detalhado e claro, consigo entender todos os gastos facilmente ",positivo,4,Banco do Brasil
"Limite de crédito aumentado sem eu pedir, banco confiante no cliente nunca decepcionou.",positivo,5,Santander
Transferência rejeitada sem motivo nenhum e sem explicação Decepcionante.,negativo,1,C6 Bank
"Conta salário sem taxas, economizo muito todo mês nunca decepcionou.",positivo,4,Santander
"Atendimento via chat foi excelente, resolveram tudo rapidamente ",positivo,5,Santander
"Banco razoável, tem pontos bons e pontos a melhorar ainda ",neutro,3,C6 Bank
Algumas funcionalidades boas mas falta o cartão físico virtual ,neutro,3,Inter
"Cartão sem anuidade e cashback real, estou muito satisfeito todo dia uso.",positivo,4,Itaú
"Ótimo banco digital, recomendo para todos os meus amigos com certeza.",positivo,5,C6 Bank
"Estorno demorou 30 dias, totalmente inadmissível Não recomendo.",negativo,2,Nubank
"Banco razoável, tem pontos bons e pontos a melhorar ainda Aguardando melhorias.",neutro,3,Banco do Brasil
Meu pix sumiu e o banco não me dá retorno nenhum ,negativo,1,Inter
Satisfeito com o básico mas quero ver evolução nos próximos meses Está de bom tamanho.,neutro,3,Nubank
App travou durante uma transferência e o dinheiro sumiu do saldo Nunca mais.,negativo,1,Next
"Aplicativo horrível no iOS, não abre desde a última atualização ",negativo,1,Santander
"Banco novo ainda se desenvolvendo, tem potencial mas falta recurso Aguardando melhorias.",neutro,3,Nubank
"Atendimento via chat foi excelente, resolveram tudo rapidamente todo dia uso.",positivo,5,Next
"Banco novo ainda se desenvolvendo, tem potencial mas falta recurso Está de bom tamanho.",neutro,3,PicPay
"Limite de crédito aumentado sem eu pedir, banco confiante no cliente sem dúvida.",positivo,5,Nubank
"Uso para transferências simples, funciona bem para isso Aguardando melhorias.",neutro,3,Santander
"Melhor banco que já tive, zero tarifas e suporte incrível todo dia uso.",positivo,4,Inter
"Melhor banco que já tive, zero tarifas e suporte incrível todo dia uso.",positivo,5,Bradesco
"Pior experiência bancária da minha vida, vou cancelar a conta Absurdo.",negativo,2,Bradesco
"Suporte humanizado e ágil, nunca precisei esperar muito no geral.",positivo,5,PicPay
"App lento e cheio de bugs, precisa melhorar urgentemente Evitem.",negativo,1,C6 Bank
"Suporte robotizado que não resolve nada, completamente inútil Absurdo.",negativo,1,Bradesco
"Fila de espera eterna para falar com humano, é impossível Absurdo.",negativo,2,PicPay
"Excelente experiência com o suporte via WhatsApp, muito ágil no geral.",positivo,4,C6 Bank
"Conta salário sem taxas, economizo muito todo mês ",positivo,5,Banco do Brasil
"Ótimo banco digital, recomendo para todos os meus amigos sem dúvida.",positivo,4,Itaú
App funciona bem na maioria das vezes mas às vezes trava Está de bom tamanho.,neutro,3,Itaú
Atendentes mal treinados que não sabem responder nada Evitem.,negativo,2,C6 Bank
"Atendimento horrível, fiquei 2 horas esperando na fila do chat Evitem.",negativo,2,PicPay
"Limite de crédito aumentado sem eu pedir, banco confiante no cliente todo dia uso.",positivo,4,Santander
"Rendimento mediano, existem opções melhores no mercado hoje No geral ok.",neutro,3,Neon
"Fila de espera eterna para falar com humano, é impossível Evitem.",negativo,1,Neon
Conta sem tarifas mas o limite de crédito poderia ser maior No geral ok.,neutro,3,Bradesco
"Suporte robotizado que não resolve nada, completamente inútil ",negativo,2,C6 Bank
Transferência rejeitada sem motivo nenhum e sem explicação Evitem.,negativo,1,Banco do Brasil
"Não consigo acessar o extrato antigo, app apagou tudo Nunca mais.",negativo,1,Nubank
"Nada de especial, igual a outros bancos digitais do mercado Vou continuar usando.",neutro,3,Next
"Interface linda e funcional, uso todos os dias sem problemas do banco.",positivo,5,Next
Limite ridículo que não aumenta mesmo com bom histórico Vou cancelar.,negativo,2,Nubank
"Banco que valoriza o cliente, promoções e benefícios reais todo dia uso.",positivo,5,C6 Bank
"Interface linda e funcional, uso todos os dias sem problemas com certeza.",positivo,4,Banco do Brasil
"Banco razoável, tem pontos bons e pontos a melhorar ainda No geral ok.",neutro,3,Santander
Suporte demora às vezes mas resolve no final das contas Vou continuar usando.,neutro,3,Next
"Aplicativo horrível no iOS, não abre desde a última atualização Evitem.",negativo,1,Bradesco
"App lento e cheio de bugs, precisa melhorar urgentemente Vou cancelar.",negativo,1,C6 Bank
"Banco novo ainda se desenvolvendo, tem potencial mas falta recurso No geral ok.",neutro,3,PicPay
"Não consigo acessar minha conta há dias, suporte não resolve ",negativo,1,Santander
"Sistema fora do ar nos fins de semana, totalmente irresponsável ",negativo,1,Bradesco
"Fila de espera eterna para falar com humano, é impossível Péssimo.",negativo,1,Neon
Suporte demora às vezes mas resolve no final das contas Aguardando melhorias.,neutro,3,C6 Bank
"Uso para transferências simples, funciona bem para isso Aguardando melhorias.",neutro,3,Santander
"Rendimento mediano, existem opções melhores no mercado hoje No geral ok.",neutro,3,Next
Fraude na minha conta e o banco demora semanas para resolver Decepcionante.,negativo,1,Next
"Atendimento horrível, fiquei 2 horas esperando na fila do chat Vou cancelar.",negativo,2,Bradesco
"App simples e direto, sem muitos recursos mas cumpre o básico Aguardando melhorias.",neutro,3,Nubank
"Sistema fora do ar nos fins de semana, totalmente irresponsável Absurdo.",negativo,1,Nubank
"Estorno demorou 30 dias, totalmente inadmissível Não recomendo.",negativo,1,Next
"Excelente experiência com o suporte via WhatsApp, muito ágil nunca decepcionou.",positivo,5,Next
"Estorno demorou 30 dias, totalmente inadmissível Não recomendo.",negativo,1,Santander
Suporte demora às vezes mas resolve no final das contas No geral ok.,neutro,3,C6 Bank
"Suporte humanizado e ágil, nunca precisei esperar muito sempre.",positivo,5,Bradesco
"Atendimento via chat foi excelente, resolveram tudo rapidamente ",positivo,5,Itaú
"App estável e bonito, atualizações sempre melhoram a experiência do banco.",positivo,4,Neon
"Limite de crédito aumentado sem eu pedir, banco confiante no cliente sem dúvida.",positivo,4,Banco do Brasil
App travou durante uma transferência e o dinheiro sumiu do saldo Nunca mais.,negativo,1,C6 Bank
"Nada de especial, igual a outros bancos digitais do mercado Aguardando melhorias.",neutro,3,C6 Bank
"Banco razoável, tem pontos bons e pontos a melhorar ainda Vou continuar usando.",neutro,3,C6 Bank
"Funciona bem para uso cotidiano, falta melhorar o suporte avançado Está de bom tamanho.",neutro,3,Inter
Transferência rejeitada sem motivo nenhum e sem explicação Decepcionante.,negativo,2,Next
Algumas funcionalidades boas mas falta o cartão físico virtual Vou continuar usando.,neutro,3,Nubank
"Rendimento da conta superior aos outros bancos, ótima opção com certeza.",positivo,5,PicPay
Conta bloqueada por suspeita de fraude mesmo sendo transação minha Decepcionante.,negativo,1,Bradesco
"Aplicativo muito seguro, autenticação por biometria funciona perfeitamente todo dia uso.",positivo,4,Bradesco
"Estorno demorou 30 dias, totalmente inadmissível Não recomendo.",negativo,1,Santander
"Não consigo acessar minha conta há dias, suporte não resolve ",negativo,2,Inter
"Crédito aprovado na hora, processo 100% digital e sem burocracia sem dúvida.",positivo,4,C6 Bank
Investi meu dinheiro pelo app e o processo foi muito simples todo dia uso.,positivo,4,Next
"Prefiro para conta corrente, para investimentos tem opções melhores ",neutro,3,Next
Conta sem tarifas mas o limite de crédito poderia ser maior Aguardando melhorias.,neutro,3,Santander
"Cobraram anuidade que disseram que seria zero, propaganda enganosa Vou cancelar.",negativo,2,C6 Bank
"Não consigo acessar o extrato antigo, app apagou tudo Decepcionante.",negativo,2,Bradesco
Bloquearam meu cartão sem motivo e não consegui desbloquear Evitem.,negativo,2,Inter
"App lento e cheio de bugs, precisa melhorar urgentemente ",negativo,1,Next
"Estou muito feliz com a decisão de trocar de banco, recomendo vale muito a pena.",positivo,5,Inter
"Crédito aprovado na hora, processo 100% digital e sem burocracia com certeza.",positivo,5,Next
"Suporte robotizado que não resolve nada, completamente inútil Péssimo.",negativo,2,C6 Bank
Algumas funcionalidades boas mas falta o cartão físico virtual Está de bom tamanho.,neutro,3,PicPay
"Banco razoável, tem pontos bons e pontos a melhorar ainda Vou continuar usando.",neutro,3,Bradesco
"Transferência via Pix funcionou perfeitamente, sem demora nenhuma todo dia uso.",positivo,4,Bradesco
"App simples e direto, sem muitos recursos mas cumpre o básico No geral ok.",neutro,3,PicPay
"Extrato detalhado e claro, consigo entender todos os gastos facilmente nunca decepcionou.",positivo,5,PicPay
"Aplicativo muito seguro, autenticação por biometria funciona perfeitamente vale muito a pena.",positivo,5,Santander
"Funciona bem para uso cotidiano, falta melhorar o suporte avançado Vou continuar usando.",neutro,3,Nubank
"Atendimento rápido e eficiente, resolveram meu problema em minutos do banco.",positivo,5,PicPay
"Crédito aprovado na hora, processo 100% digital e sem burocracia todo dia uso.",positivo,4,Itaú
"Conta salário sem taxas, economizo muito todo mês ",positivo,5,PicPay
"Extrato detalhado e claro, consigo entender todos os gastos facilmente nunca decepcionou.",positivo,5,Nubank
"Suporte robotizado que não resolve nada, completamente inútil Evitem.",negativo,1,Banco do Brasil
"Sem cobranças escondidas, totalmente transparente com as tarifas no geral.",positivo,5,Bradesco
"Interface linda e funcional, uso todos os dias sem problemas sempre.",positivo,5,Next
"Uso para transferências simples, funciona bem para isso Está de bom tamanho.",neutro,3,Banco do Brasil
Bloquearam meu cartão sem motivo e não consegui desbloquear Péssimo.,negativo,1,C6 Bank
"Melhor banco que já tive, zero tarifas e suporte incrível sempre.",positivo,4,C6 Bank
Transferência rejeitada sem motivo nenhum e sem explicação ,negativo,2,PicPay
"Transferência via Pix funcionou perfeitamente, sem demora nenhuma todo dia uso.",positivo,5,Bradesco
"Estou muito feliz com a decisão de trocar de banco, recomendo do banco.",positivo,4,Itaú
"Banco novo ainda se desenvolvendo, tem potencial mas falta recurso ",neutro,3,Itaú
"App muito bom, transferências instantâneas sem nenhum problema do banco.",positivo,5,Next
"Nada de especial, igual a outros bancos digitais do mercado Vou continuar usando.",neutro,3,PicPay
"Estorno demorou 30 dias, totalmente inadmissível Evitem.",negativo,2,PicPay
"Transferência via Pix funcionou perfeitamente, sem demora nenhuma vale muito a pena.",positivo,5,Neon
Atendentes mal treinados que não sabem responder nada ,negativo,2,Santander
"Atendimento rápido e eficiente, resolveram meu problema em minutos com certeza.",positivo,5,Neon
"Aplicativo excelente, muito fácil de usar e intuitivo vale muito a pena.",positivo,5,Itaú
"Limite de crédito aumentado sem eu pedir, banco confiante no cliente sempre.",positivo,4,Itaú
Suporte demora às vezes mas resolve no final das contas Vou continuar usando.,neutro,3,Nubank
"Nada de especial, igual a outros bancos digitais do mercado ",neutro,3,Inter
"App estável e bonito, atualizações sempre melhoram a experiência com certeza.",positivo,4,Banco do Brasil
"Banco novo ainda se desenvolvendo, tem potencial mas falta recurso Está de bom tamanho.",neutro,3,Neon
"App lento e cheio de bugs, precisa melhorar urgentemente Péssimo.",negativo,1,C6 Bank
"Ótimo banco digital, recomendo para todos os meus amigos todo dia uso.",positivo,4,Banco do Brasil
"Aplicativo excelente, muito fácil de usar e intuitivo todo dia uso.",positivo,5,Neon
"Prefiro para conta corrente, para investimentos tem opções melhores Aguardando melhorias.",neutro,3,Inter
"Interface linda e funcional, uso todos os dias sem problemas sem dúvida.",positivo,5,Bradesco
"App estável e bonito, atualizações sempre melhoram a experiência todo dia uso.",positivo,5,Bradesco
"Sistema fora do ar nos fins de semana, totalmente irresponsável Evitem.",negativo,2,Santander
"Uso para transferências simples, funciona bem para isso Está de bom tamanho.",neutro,3,Inter
"Limite de crédito aumentado sem eu pedir, banco confiante no cliente no geral.",positivo,5,Next
"Funciona bem para uso cotidiano, falta melhorar o suporte avançado No geral ok.",neutro,3,Nubank
"Aplicativo horrível no iOS, não abre desde a última atualização Vou cancelar.",negativo,2,Bradesco
"Aplicativo muito seguro, autenticação por biometria funciona perfeitamente com certeza.",positivo,5,Bradesco
"Melhor banco que já tive, zero tarifas e suporte incrível ",positivo,4,Itaú
Atendimento ok mas poderia ser mais rápido em horários de pico Vou continuar usando.,neutro,3,Banco do Brasil
"Nunca tive problemas com o app, sempre funciona perfeitamente ",positivo,4,Neon
"Tarifas abusivas, cobram por tudo e explicam muito mal Péssimo.",negativo,1,Banco do Brasil
"Atendimento rápido e eficiente, resolveram meu problema em minutos todo dia uso.",positivo,5,Bradesco
App funciona bem na maioria das vezes mas às vezes trava ,neutro,3,Banco do Brasil
"Aplicativo horrível no iOS, não abre desde a última atualização Decepcionante.",negativo,1,Neon
"Atendimento horrível, fiquei 2 horas esperando na fila do chat ",negativo,2,Inter
"Rendimento mediano, existem opções melhores no mercado hoje Aguardando melhorias.",neutro,3,Nubank
"Ótimo banco digital, recomendo para todos os meus amigos sempre.",positivo,4,Santander
App funciona bem na maioria das vezes mas às vezes trava Vou continuar usando.,neutro,3,PicPay
"Fila de espera eterna para falar com humano, é impossível Nunca mais.",negativo,1,Itaú
"Cobraram anuidade que disseram que seria zero, propaganda enganosa ",negativo,2,PicPay
"Tarifas abusivas, cobram por tudo e explicam muito mal Nunca mais.",negativo,1,Neon
"Banco razoável, tem pontos bons e pontos a melhorar ainda Aguardando melhorias.",neutro,3,C6 Bank
"Banco novo ainda se desenvolvendo, tem potencial mas falta recurso Aguardando melhorias.",neutro,3,Next
App travou durante uma transferência e o dinheiro sumiu do saldo Não recomendo.,negativo,1,Itaú
"Interface linda e funcional, uso todos os dias sem problemas sempre.",positivo,5,Santander
"Péssimo aplicativo, cai toda hora e perco tempo com isso Não recomendo.",negativo,2,Next
"Péssimo aplicativo, cai toda hora e perco tempo com isso Evitem.",negativo,1,Nubank
"Rendimento mediano, existem opções melhores no mercado hoje No geral ok.",neutro,3,Next
Bloquearam meu cartão sem motivo e não consegui desbloquear Vou cancelar.,negativo,1,Santander
"Extrato detalhado e claro, consigo entender todos os gastos facilmente com certeza.",positivo,5,Banco do Brasil
"Tarifas abusivas, cobram por tudo e explicam muito mal Decepcionante.",negativo,2,Itaú
"Funciona bem para uso cotidiano, falta melhorar o suporte avançado No geral ok.",neutro,3,PicPay
"Rendimento mediano, existem opções melhores no mercado hoje Vou continuar usando.",neutro,3,Itaú
"Cancelei o cartão e continuaram cobrando anuidade, absurdo Não recomendo.",negativo,1,Neon
"Pior experiência bancária da minha vida, vou cancelar a conta Evitem.",negativo,2,Itaú
App travou durante uma transferência e o dinheiro sumiu do saldo ,negativo,1,Inter
"Conta salário sem taxas, economizo muito todo mês no geral.",positivo,4,Itaú
Satisfeito com o básico mas quero ver evolução nos próximos meses ,neutro,3,Itaú
"Atendimento horrível, fiquei 2 horas esperando na fila do chat Não recomendo.",negativo,2,Santander
"Fila de espera eterna para falar com humano, é impossível Péssimo.",negativo,1,PicPay
Fraude na minha conta e o banco demora semanas para resolver ,negativo,1,Itaú
Limite ridículo que não aumenta mesmo com bom histórico Vou cancelar.,negativo,1,Itaú
"Suporte humanizado e ágil, nunca precisei esperar muito sem dúvida.",positivo,4,C6 Bank
"Crédito aprovado na hora, processo 100% digital e sem burocracia ",positivo,4,Bradesco
"Banco razoável, tem pontos bons e pontos a melhorar ainda Aguardando melhorias.",neutro,3,Santander
"Suporte humanizado e ágil, nunca precisei esperar muito sempre.",positivo,4,Neon
Investi meu dinheiro pelo app e o processo foi muito simples do banco.,positivo,5,PicPay
Atendentes mal treinados que não sabem responder nada Péssimo.,negativo,1,Neon
"Estorno demorou 30 dias, totalmente inadmissível Absurdo.",negativo,2,Bradesco
"Funciona bem para uso cotidiano, falta melhorar o suporte avançado ",neutro,3,PicPay
"Atendimento rápido e eficiente, resolveram meu problema em minutos nunca decepcionou.",positivo,4,Bradesco
"Transferência via Pix funcionou perfeitamente, sem demora nenhuma sempre.",positivo,5,Banco do Brasil
"Excelente experiência com o suporte via WhatsApp, muito ágil nunca decepcionou.",positivo,5,PicPay
Fraude na minha conta e o banco demora semanas para resolver ,negativo,2,Banco do Brasil
Meu pix sumiu e o banco não me dá retorno nenhum ,negativo,1,C6 Bank
"Funciona bem para uso cotidiano, falta melhorar o suporte avançado ",neutro,3,Next
"Nunca tive problemas com o app, sempre funciona perfeitamente vale muito a pena.",positivo,5,Neon
"Prefiro para conta corrente, para investimentos tem opções melhores ",neutro,3,Itaú
"Banco razoável, tem pontos bons e pontos a melhorar ainda Aguardando melhorias.",neutro,3,Itaú
"App lento e cheio de bugs, precisa melhorar urgentemente Decepcionante.",negativo,2,Neon
Meu pix sumiu e o banco não me dá retorno nenhum Não recomendo.,negativo,1,Neon
"Não consigo acessar minha conta há dias, suporte não resolve Evitem.",negativo,1,Santander
"Nada de especial, igual a outros bancos digitais do mercado Aguardando melhorias.",neutro,3,Inter
"Aplicativo excelente, muito fácil de usar e intuitivo ",positivo,4,Bradesco
"Pior experiência bancária da minha vida, vou cancelar a conta ",negativo,1,Bradesco
"Péssimo aplicativo, cai toda hora e perco tempo com isso Absurdo.",negativo,2,Inter
Meu pix sumiu e o banco não me dá retorno nenhum ,negativo,2,Itaú
Transferência rejeitada sem motivo nenhum e sem explicação Evitem.,negativo,1,Santander
"Cobraram anuidade que disseram que seria zero, propaganda enganosa ",negativo,1,Santander
"Extrato detalhado e claro, consigo entender todos os gastos facilmente sem dúvida.",positivo,4,Inter
"Extrato detalhado e claro, consigo entender todos os gastos facilmente no geral.",positivo,5,Nubank
"Estorno demorou 30 dias, totalmente inadmissível Péssimo.",negativo,2,Neon
"Uso para transferências simples, funciona bem para isso Vou continuar usando.",neutro,3,Itaú
"App simples e direto, sem muitos recursos mas cumpre o básico Está de bom tamanho.",neutro,3,Bradesco
Limite ridículo que não aumenta mesmo com bom histórico Evitem.,negativo,2,Banco do Brasil
App travou durante uma transferência e o dinheiro sumiu do saldo Absurdo.,negativo,1,Inter
"Melhor banco que já tive, zero tarifas e suporte incrível todo dia uso.",positivo,5,C6 Bank
"Aplicativo muito seguro, autenticação por biometria funciona perfeitamente sempre.",positivo,5,Neon
"Aplicativo horrível no iOS, não abre desde a última atualização Absurdo.",negativo,1,Itaú
Cobraram IOF absurdo sem informar antes da compra internacional Absurdo.,negativo,1,Bradesco
"Estorno demorou 30 dias, totalmente inadmissível Nunca mais.",negativo,1,PicPay
"Sem cobranças escondidas, totalmente transparente com as tarifas ",positivo,5,PicPay
"Abri minha conta em minutos, processo simples e rápido todo dia uso.",positivo,5,PicPay
"Tarifas abusivas, cobram por tudo e explicam muito mal Vou cancelar.",negativo,2,Bradesco
"Banco novo ainda se desenvolvendo, tem potencial mas falta recurso No geral ok.",neutro,3,Nubank
Cobraram IOF absurdo sem informar antes da compra internacional ,negativo,1,Banco do Brasil
Meu pix sumiu e o banco não me dá retorno nenhum ,negativo,2,Nubank
"App estável e bonito, atualizações sempre melhoram a experiência ",positivo,4,Neon
Satisfeito com o básico mas quero ver evolução nos próximos meses Está de bom tamanho.,neutro,3,Next
"Crédito aprovado na hora, processo 100% digital e sem burocracia sempre.",positivo,4,Next
Fraude na minha conta e o banco demora semanas para resolver Não recomendo.,negativo,2,Nubank
Conta sem tarifas mas o limite de crédito poderia ser maior Vou continuar usando.,neutro,3,Inter
"Rendimento mediano, existem opções melhores no mercado hoje Vou continuar usando.",neutro,3,C6 Bank
Satisfeito com o básico mas quero ver evolução nos próximos meses No geral ok.,neutro,3,Neon
"Não consigo acessar o extrato antigo, app apagou tudo Absurdo.",negativo,1,C6 Bank
Satisfeito com o básico mas quero ver evolução nos próximos meses ,neutro,3,Neon
"Nada de especial, igual a outros bancos digitais do mercado Vou continuar usando.",neutro,3,Next
"Atendimento rápido e eficiente, resolveram meu problema em minutos nunca decepcionou.",positivo,4,Santander
"Transferência via Pix funcionou perfeitamente, sem demora nenhuma sem dúvida.",positivo,5,Bradesco
"App lento e cheio de bugs, precisa melhorar urgentemente Evitem.",negativo,1,Itaú
"Fila de espera eterna para falar com humano, é impossível Evitem.",negativo,2,Inter
"Excelente experiência com o suporte via WhatsApp, muito ágil todo dia uso.",positivo,4,PicPay
"Extrato detalhado e claro, consigo entender todos os gastos facilmente vale muito a pena.",positivo,4,C6 Bank
"Atendimento rápido e eficiente, resolveram meu problema em minutos ",positivo,5,Bradesco
"Crédito aprovado na hora, processo 100% digital e sem burocracia vale muito a pena.",positivo,4,Neon
"Taxa de câmbio abusiva, cobram muito mais que outros bancos ",negativo,2,C6 Bank
"Rendimento mediano, existem opções melhores no mercado hoje Está de bom tamanho.",neutro,3,Next
Transferência rejeitada sem motivo nenhum e sem explicação Evitem.,negativo,2,Neon
"Banco novo ainda se desenvolvendo, tem potencial mas falta recurso Aguardando melhorias.",neutro,3,Bradesco
"Atendimento rápido e eficiente, resolveram meu problema em minutos vale muito a pena.",positivo,4,Santander
"Cobraram tarifa que não estava prevista, uma vergonha Evitem.",negativo,2,C6 Bank
"Estou muito feliz com a decisão de trocar de banco, recomendo com certeza.",positivo,5,Next
Limite ridículo que não aumenta mesmo com bom histórico Evitem.,negativo,1,Next
"Péssimo aplicativo, cai toda hora e perco tempo com isso Péssimo.",negativo,1,C6 Bank
Atendimento ok mas poderia ser mais rápido em horários de pico Vou continuar usando.,neutro,3,Itaú
"Banco razoável, tem pontos bons e pontos a melhorar ainda Está de bom tamanho.",neutro,3,Bradesco
"App lento e cheio de bugs, precisa melhorar urgentemente Péssimo.",negativo,1,Neon
"Interface linda e funcional, uso todos os dias sem problemas todo dia uso.",positivo,5,PicPay
Bloquearam meu cartão sem motivo e não consegui desbloquear Não recomendo.,negativo,2,Banco do Brasil
"Prefiro para conta corrente, para investimentos tem opções melhores Aguardando melhorias.",neutro,3,Inter
App funciona bem na maioria das vezes mas às vezes trava Vou continuar usando.,neutro,3,PicPay
"Rendimento mediano, existem opções melhores no mercado hoje ",neutro,3,Itaú
"Nada de especial, igual a outros bancos digitais do mercado No geral ok.",neutro,3,Bradesco
"Suporte robotizado que não resolve nada, completamente inútil Evitem.",negativo,2,Inter
Satisfeito com o básico mas quero ver evolução nos próximos meses Aguardando melhorias.,neutro,3,Next
Conta bloqueada por suspeita de fraude mesmo sendo transação minha Nunca mais.,negativo,2,C6 Bank
"Aplicativo muito seguro, autenticação por biometria funciona perfeitamente sem dúvida.",positivo,5,Bradesco
"Pior experiência bancária da minha vida, vou cancelar a conta Absurdo.",negativo,1,Nubank
"Fila de espera eterna para falar com humano, é impossível Absurdo.",negativo,2,PicPay
"Não consigo acessar o extrato antigo, app apagou tudo ",negativo,2,Santander
"App muito bom, transferências instantâneas sem nenhum problema todo dia uso.",positivo,5,Next
"Limite de crédito aumentado sem eu pedir, banco confiante no cliente todo dia uso.",positivo,5,Bradesco
"Banco razoável, tem pontos bons e pontos a melhorar ainda Aguardando melhorias.",neutro,3,Itaú
"Abri minha conta em minutos, processo simples e rápido sem dúvida.",positivo,4,Inter
"Limite de crédito aumentado sem eu pedir, banco confiante no cliente do banco.",positivo,4,C6 Bank
"Prefiro para conta corrente, para investimentos tem opções melhores Está de bom tamanho.",neutro,3,Inter
"Melhor banco que já tive, zero tarifas e suporte incrível com certeza.",positivo,5,Santander
Conta bloqueada por suspeita de fraude mesmo sendo transação minha Péssimo.,negativo,2,Banco do Brasil
"Não consigo acessar minha conta há dias, suporte não resolve Evitem.",negativo,2,Neon
"Nada de especial, igual a outros bancos digitais do mercado Está de bom tamanho.",neutro,3,Nubank
"Não consigo acessar o extrato antigo, app apagou tudo Não recomendo.",negativo,1,PicPay
Cobraram IOF absurdo sem informar antes da compra internacional ,negativo,1,Itaú
"Banco razoável, tem pontos bons e pontos a melhorar ainda No geral ok.",neutro,3,Santander
"Banco novo ainda se desenvolvendo, tem potencial mas falta recurso Está de bom tamanho.",neutro,3,C6 Bank
"Crédito aprovado na hora, processo 100% digital e sem burocracia com certeza.",positivo,5,Bradesco
"Aplicativo horrível no iOS, não abre desde a última atualização Decepcionante.",negativo,2,Nubank
"Ótimo banco digital, recomendo para todos os meus amigos do banco.",positivo,5,Inter
Meu pix sumiu e o banco não me dá retorno nenhum ,negativo,2,Inter
"App estável e bonito, atualizações sempre melhoram a experiência ",positivo,4,Inter
"Não consigo acessar o extrato antigo, app apagou tudo Nunca mais.",negativo,1,Itaú
"Extrato detalhado e claro, consigo entender todos os gastos facilmente todo dia uso.",positivo,5,Bradesco
"Uso para transferências simples, funciona bem para isso ",neutro,3,C6 Bank
"Cobraram anuidade que disseram que seria zero, propaganda enganosa Decepcionante.",negativo,2,PicPay
"Notificações em tempo real de todas as transações, me sinto seguro do banco.",positivo,4,Inter
"Atendimento via chat foi excelente, resolveram tudo rapidamente nunca decepcionou.",positivo,4,C6 Bank
"Tarifas aceitáveis, não é o mais barato mas também não é caro ",neutro,3,Neon
Limite ridículo que não aumenta mesmo com bom histórico Evitem.,negativo,2,Nubank
"Estou muito feliz com a decisão de trocar de banco, recomendo ",positivo,5,Bradesco
"Interface linda e funcional, uso todos os dias sem problemas todo dia uso.",positivo,5,Banco do Brasil
"Excelente experiência com o suporte via WhatsApp, muito ágil sempre.",positivo,5,Next
"Cobraram anuidade que disseram que seria zero, propaganda enganosa Vou cancelar.",negativo,2,Inter
"Transferência via Pix funcionou perfeitamente, sem demora nenhuma do banco.",positivo,5,C6 Bank
App funciona bem na maioria das vezes mas às vezes trava Aguardando melhorias.,neutro,3,C6 Bank
"Cobraram anuidade que disseram que seria zero, propaganda enganosa Vou cancelar.",negativo,2,Banco do Brasil
"Suporte robotizado que não resolve nada, completamente inútil Absurdo.",negativo,1,Banco do Brasil
Meu pix sumiu e o banco não me dá retorno nenhum Absurdo.,negativo,1,Itaú
Investi meu dinheiro pelo app e o processo foi muito simples com certeza.,positivo,4,Nubank
"Extrato detalhado e claro, consigo entender todos os gastos facilmente no geral.",positivo,5,Neon
"Aplicativo horrível no iOS, não abre desde a última atualização Não recomendo.",negativo,1,PicPay
"Prefiro para conta corrente, para investimentos tem opções melhores ",neutro,3,Inter
"Interface linda e funcional, uso todos os dias sem problemas com certeza.",positivo,4,PicPay
"Prefiro para conta corrente, para investimentos tem opções melhores Está de bom tamanho.",neutro,3,Inter
"Banco razoável, tem pontos bons e pontos a melhorar ainda Vou continuar usando.",neutro,3,Neon
Fraude na minha conta e o banco demora semanas para resolver ,negativo,2,Inter
"Limite de crédito aumentado sem eu pedir, banco confiante no cliente nunca decepcionou.",positivo,5,Neon
"Limite de crédito aumentado sem eu pedir, banco confiante no cliente sem dúvida.",positivo,4,Santander
"Sistema fora do ar nos fins de semana, totalmente irresponsável Decepcionante.",negativo,1,Santander
"Atendimento rápido e eficiente, resolveram meu problema em minutos sempre.",positivo,5,Bradesco
"Tarifas aceitáveis, não é o mais barato mas também não é caro Está de bom tamanho.",neutro,3,Next
"Uso para transferências simples, funciona bem para isso Vou continuar usando.",neutro,3,Inter
"Uso para transferências simples, funciona bem para isso ",neutro,3,Itaú
"Cartão sem anuidade e cashback real, estou muito satisfeito sem dúvida.",positivo,5,Banco do Brasil
"Cobraram anuidade que disseram que seria zero, propaganda enganosa Decepcionante.",negativo,2,Next
"Funciona bem para uso cotidiano, falta melhorar o suporte avançado Aguardando melhorias.",neutro,3,Itaú
"Ótimo banco digital, recomendo para todos os meus amigos com certeza.",positivo,4,PicPay
"Tarifas abusivas, cobram por tudo e explicam muito mal Evitem.",negativo,2,Next
"Banco novo ainda se desenvolvendo, tem potencial mas falta recurso Aguardando melhorias.",neutro,3,Nubank
"Ótimo banco digital, recomendo para todos os meus amigos vale muito a pena.",positivo,4,Nubank
"Notificações em tempo real de todas as transações, me sinto seguro sem dúvida.",positivo,5,Neon
Atendimento ok mas poderia ser mais rápido em horários de pico Aguardando melhorias.,neutro,3,Inter
"Atendimento rápido e eficiente, resolveram meu problema em minutos nunca decepcionou.",positivo,4,PicPay
"Taxa de câmbio abusiva, cobram muito mais que outros bancos Evitem.",negativo,1,Itaú
"Uso para transferências simples, funciona bem para isso No geral ok.",neutro,3,Nubank
"Aplicativo excelente, muito fácil de usar e intuitivo nunca decepcionou.",positivo,5,Neon
Transferência rejeitada sem motivo nenhum e sem explicação Péssimo.,negativo,2,Next
Limite ridículo que não aumenta mesmo com bom histórico Decepcionante.,negativo,2,Santander
Atendimento ok mas poderia ser mais rápido em horários de pico Vou continuar usando.,neutro,3,Neon
"Conta salário sem taxas, economizo muito todo mês ",positivo,5,Next
"Limite de crédito aumentado sem eu pedir, banco confiante no cliente todo dia uso.",positivo,5,PicPay
"Banco novo ainda se desenvolvendo, tem potencial mas falta recurso No geral ok.",neutro,3,PicPay
"Tarifas aceitáveis, não é o mais barato mas também não é caro Aguardando melhorias.",neutro,3,PicPay
Atendimento ok mas poderia ser mais rápido em horários de pico Vou continuar usando.,neutro,3,Banco do Brasil
Fraude na minha conta e o banco demora semanas para resolver Vou cancelar.,negativo,2,Next
Bloquearam meu cartão sem motivo e não consegui desbloquear Absurdo.,negativo,1,Nubank
App funciona bem na maioria das vezes mas às vezes trava No geral ok.,neutro,3,PicPay
"Abri minha conta em minutos, processo simples e rápido vale muito a pena.",positivo,4,Bradesco
"Abri minha conta em minutos, processo simples e rápido sempre.",positivo,5,PicPay
"Abri minha conta em minutos, processo simples e rápido com certeza.",positivo,4,Banco do Brasil
"Rendimento mediano, existem opções melhores no mercado hoje No geral ok.",neutro,3,C6 Bank
"Uso para transferências simples, funciona bem para isso Aguardando melhorias.",neutro,3,Inter
"App simples e direto, sem muitos recursos mas cumpre o básico Está de bom tamanho.",neutro,3,Inter
"Uso para transferências simples, funciona bem para isso Vou continuar usando.",neutro,3,Itaú
"Interface linda e funcional, uso todos os dias sem problemas sem dúvida.",positivo,4,Nubank
"App estável e bonito, atualizações sempre melhoram a experiência todo dia uso.",positivo,5,Bradesco
"Aplicativo horrível no iOS, não abre desde a última atualização Vou cancelar.",negativo,2,Santander
"Cobraram anuidade que disseram que seria zero, propaganda enganosa ",negativo,1,Santander
"Tarifas aceitáveis, não é o mais barato mas também não é caro Vou continuar usando.",neutro,3,Next
"Sem cobranças escondidas, totalmente transparente com as tarifas com certeza.",positivo,5,Bradesco
"Estou muito feliz com a decisão de trocar de banco, recomendo sem dúvida.",positivo,5,Santander
"Crédito aprovado na hora, processo 100% digital e sem burocracia ",positivo,4,Neon
"Crédito aprovado na hora, processo 100% digital e sem burocracia vale muito a pena.",positivo,4,Banco do Brasil
Conta bloqueada por suspeita de fraude mesmo sendo transação minha Nunca mais.,negativo,2,Bradesco
"Funciona bem para uso cotidiano, falta melhorar o suporte avançado ",neutro,3,Santander
"Cartão sem anuidade e cashback real, estou muito satisfeito sempre.",positivo,4,PicPay
"Ótimo banco digital, recomendo para todos os meus amigos com certeza.",positivo,5,Neon
"Fila de espera eterna para falar com humano, é impossível Absurdo.",negativo,1,Nubank
Fraude na minha conta e o banco demora semanas para resolver Absurdo.,negativo,2,Santander
"Interface linda e funcional, uso todos os dias sem problemas todo dia uso.",positivo,4,C6 Bank
Investi meu dinheiro pelo app e o processo foi muito simples sempre.,positivo,4,Bradesco
Satisfeito com o básico mas quero ver evolução nos próximos meses Vou continuar usando.,neutro,3,C6 Bank
Suporte demora às vezes mas resolve no final das contas Vou continuar usando.,neutro,3,Banco do Brasil
"Banco razoável, tem pontos bons e pontos a melhorar ainda Vou continuar usando.",neutro,3,Next
Algumas funcionalidades boas mas falta o cartão físico virtual ,neutro,3,PicPay
Limite ridículo que não aumenta mesmo com bom histórico Nunca mais.,negativo,2,Nubank
"Taxa de câmbio abusiva, cobram muito mais que outros bancos Decepcionante.",negativo,1,Nubank
Suporte demora às vezes mas resolve no final das contas Vou continuar usando.,neutro,3,PicPay
"Extrato detalhado e claro, consigo entender todos os gastos facilmente nunca decepcionou.",positivo,5,PicPay
Conta sem tarifas mas o limite de crédito poderia ser maior Aguardando melhorias.,neutro,3,C6 Bank
"Extrato detalhado e claro, consigo entender todos os gastos facilmente sem dúvida.",positivo,4,Next
"Funciona bem para uso cotidiano, falta melhorar o suporte avançado Está de bom tamanho.",neutro,3,Santander
"Melhor banco que já tive, zero tarifas e suporte incrível sempre.",positivo,5,Santander
"Crédito aprovado na hora, processo 100% digital e sem burocracia nunca decepcionou.",positivo,4,Inter
"Aplicativo horrível no iOS, não abre desde a última atualização Vou cancelar.",negativo,2,Banco do Brasil
"Transferência via Pix funcionou perfeitamente, sem demora nenhuma com certeza.",positivo,4,Nubank
"Uso para transferências simples, funciona bem para isso Está de bom tamanho.",neutro,3,C6 Bank
"Banco razoável, tem pontos bons e pontos a melhorar ainda No geral ok.",neutro,3,Next
"Péssimo aplicativo, cai toda hora e perco tempo com isso Nunca mais.",negativo,2,Bradesco
"Banco razoável, tem pontos bons e pontos a melhorar ainda Vou continuar usando.",neutro,3,Bradesco
"Não consigo acessar o extrato antigo, app apagou tudo Nunca mais.",negativo,1,Nubank
"Limite de crédito aumentado sem eu pedir, banco confiante no cliente sem dúvida.",positivo,4,Santander
Suporte demora às vezes mas resolve no final das contas Aguardando melhorias.,neutro,3,Banco do Brasil
"Pior experiência bancária da minha vida, vou cancelar a conta Vou cancelar.",negativo,2,Itaú
"Melhor banco que já tive, zero tarifas e suporte incrível nunca decepcionou.",positivo,5,Inter
"Nunca tive problemas com o app, sempre funciona perfeitamente todo dia uso.",positivo,5,Santander
"Uso para transferências simples, funciona bem para isso No geral ok.",neutro,3,Next
"Pior experiência bancária da minha vida, vou cancelar a conta Péssimo.",negativo,2,Neon
"Tarifas aceitáveis, não é o mais barato mas também não é caro ",neutro,3,Nubank
Transferência rejeitada sem motivo nenhum e sem explicação Péssimo.,negativo,1,Inter
"Estou muito feliz com a decisão de trocar de banco, recomendo do banco.",positivo,4,C6 Bank
"Sem cobranças escondidas, totalmente transparente com as tarifas no geral.",positivo,4,Banco do Brasil
"Banco novo ainda se desenvolvendo, tem potencial mas falta recurso Está de bom tamanho.",neutro,3,C6 Bank
App travou durante uma transferência e o dinheiro sumiu do saldo Decepcionante.,negativo,1,Bradesco
"Fila de espera eterna para falar com humano, é impossível Péssimo.",negativo,1,Inter
"Rendimento mediano, existem opções melhores no mercado hoje Está de bom tamanho.",neutro,3,Banco do Brasil
Conta sem tarifas mas o limite de crédito poderia ser maior Aguardando melhorias.,neutro,3,Bradesco
"Tarifas aceitáveis, não é o mais barato mas também não é caro Aguardando melhorias.",neutro,3,Itaú
Conta sem tarifas mas o limite de crédito poderia ser maior ,neutro,3,Next
"Notificações em tempo real de todas as transações, me sinto seguro vale muito a pena.",positivo,5,Itaú
App funciona bem na maioria das vezes mas às vezes trava No geral ok.,neutro,3,Nubank
"Rendimento mediano, existem opções melhores no mercado hoje ",neutro,3,Inter
"Fila de espera eterna para falar com humano, é impossível Absurdo.",negativo,2,PicPay
"App simples e direto, sem muitos recursos mas cumpre o básico Vou continuar usando.",neutro,3,Neon
Algumas funcionalidades boas mas falta o cartão físico virtual Vou continuar usando.,neutro,3,Bradesco
"Estorno demorou 30 dias, totalmente inadmissível ",negativo,2,Neon
"Tarifas aceitáveis, não é o mais barato mas também não é caro No geral ok.",neutro,3,C6 Bank
"Melhor banco que já tive, zero tarifas e suporte incrível com certeza.",positivo,4,C6 Bank
"Nada de especial, igual a outros bancos digitais do mercado Vou continuar usando.",neutro,3,Bradesco
"Rendimento da conta superior aos outros bancos, ótima opção todo dia uso.",positivo,5,Bradesco
"Funciona bem para uso cotidiano, falta melhorar o suporte avançado No geral ok.",neutro,3,Next
Conta sem tarifas mas o limite de crédito poderia ser maior Está de bom tamanho.,neutro,3,Santander
Satisfeito com o básico mas quero ver evolução nos próximos meses No geral ok.,neutro,3,Bradesco
"Transferência via Pix funcionou perfeitamente, sem demora nenhuma com certeza.",positivo,5,Neon
"App muito bom, transferências instantâneas sem nenhum problema todo dia uso.",positivo,4,PicPay
"Banco novo ainda se desenvolvendo, tem potencial mas falta recurso ",neutro,3,Banco do Brasil
"Abri minha conta em minutos, processo simples e rápido sempre.",positivo,4,C6 Bank
"Taxa de câmbio abusiva, cobram muito mais que outros bancos Não recomendo.",negativo,1,Itaú
Bloquearam meu cartão sem motivo e não consegui desbloquear Não recomendo.,negativo,1,Neon
"Banco razoável, tem pontos bons e pontos a melhorar ainda No geral ok.",neutro,3,Inter
"Sistema fora do ar nos fins de semana, totalmente irresponsável Evitem.",negativo,1,Santander
"App simples e direto, sem muitos recursos mas cumpre o básico ",neutro,3,Bradesco
Atendimento ok mas poderia ser mais rápido em horários de pico Vou continuar usando.,neutro,3,Banco do Brasil
"Limite de crédito aumentado sem eu pedir, banco confiante no cliente vale muito a pena.",positivo,4,PicPay
"Notificações em tempo real de todas as transações, me sinto seguro todo dia uso.",positivo,4,Bradesco
"Limite de crédito aumentado sem eu pedir, banco confiante no cliente nunca decepcionou.",positivo,5,Neon
"Aplicativo horrível no iOS, não abre desde a última atualização Evitem.",negativo,1,Santander
"Prefiro para conta corrente, para investimentos tem opções melhores Aguardando melhorias.",neutro,3,Inter
"Interface linda e funcional, uso todos os dias sem problemas sempre.",positivo,5,Next
Conta bloqueada por suspeita de fraude mesmo sendo transação minha Evitem.,negativo,1,Nubank
"Funciona bem para uso cotidiano, falta melhorar o suporte avançado Vou continuar usando.",neutro,3,Bradesco
"Banco novo ainda se desenvolvendo, tem potencial mas falta recurso Vou continuar usando.",neutro,3,Neon
"Ótimo banco digital, recomendo para todos os meus amigos com certeza.",positivo,5,Bradesco
"Rendimento mediano, existem opções melhores no mercado hoje ",neutro,3,Inter
"Crédito aprovado na hora, processo 100% digital e sem burocracia ",positivo,4,Itaú
App travou durante uma transferência e o dinheiro sumiu do saldo Nunca mais.,negativo,2,Bradesco
"Não consigo acessar minha conta há dias, suporte não resolve Evitem.",negativo,1,Banco do Brasil
"Conta salário sem taxas, economizo muito todo mês todo dia uso.",positivo,4,Inter
"Aplicativo excelente, muito fácil de usar e intuitivo do banco.",positivo,5,Santander
"Rendimento mediano, existem opções melhores no mercado hoje Está de bom tamanho.",neutro,3,Neon
Conta bloqueada por suspeita de fraude mesmo sendo transação minha Não recomendo.,negativo,2,Itaú
Transferência rejeitada sem motivo nenhum e sem explicação Não recomendo.,negativo,1,Bradesco
"Tarifas aceitáveis, não é o mais barato mas também não é caro No geral ok.",neutro,3,PicPay
Atendimento ok mas poderia ser mais rápido em horários de pico ,neutro,3,Neon
"Excelente experiência com o suporte via WhatsApp, muito ágil todo dia uso.",positivo,4,Itaú
"Cancelei o cartão e continuaram cobrando anuidade, absurdo Nunca mais.",negativo,2,Neon
"Notificações em tempo real de todas as transações, me sinto seguro todo dia uso.",positivo,5,Nubank
"Cobraram tarifa que não estava prevista, uma vergonha Decepcionante.",negativo,2,Itaú
"Rendimento da conta superior aos outros bancos, ótima opção todo dia uso.",positivo,5,Santander
"Banco razoável, tem pontos bons e pontos a melhorar ainda ",neutro,3,Nubank
"Tarifas abusivas, cobram por tudo e explicam muito mal ",negativo,2,Nubank
"Uso para transferências simples, funciona bem para isso Vou continuar usando.",neutro,3,Itaú
"Cobraram anuidade que disseram que seria zero, propaganda enganosa Vou cancelar.",negativo,2,C6 Bank
"Tarifas aceitáveis, não é o mais barato mas também não é caro Aguardando melhorias.",neutro,3,Neon
"Não consigo acessar o extrato antigo, app apagou tudo Nunca mais.",negativo,2,Itaú
"Conta salário sem taxas, economizo muito todo mês ",positivo,4,Neon
"Aplicativo muito seguro, autenticação por biometria funciona perfeitamente no geral.",positivo,5,Itaú
"Banco razoável, tem pontos bons e pontos a melhorar ainda Está de bom tamanho.",neutro,3,Banco do Brasil
Algumas funcionalidades boas mas falta o cartão físico virtual No geral ok.,neutro,3,Santander
Satisfeito com o básico mas quero ver evolução nos próximos meses ,neutro,3,Inter
"Atendimento horrível, fiquei 2 horas esperando na fila do chat Nunca mais.",negativo,1,Banco do Brasil
Bloquearam meu cartão sem motivo e não consegui desbloquear Decepcionante.,negativo,2,PicPay
Cobraram IOF absurdo sem informar antes da compra internacional Vou cancelar.,negativo,2,PicPay
"Abri minha conta em minutos, processo simples e rápido todo dia uso.",positivo,5,C6 Bank
"Aplicativo muito seguro, autenticação por biometria funciona perfeitamente ",positivo,4,Santander
"Ótimo banco digital, recomendo para todos os meus amigos do banco.",positivo,4,Santander
"Tarifas aceitáveis, não é o mais barato mas também não é caro Está de bom tamanho.",neutro,3,Inter
"Tarifas abusivas, cobram por tudo e explicam muito mal Péssimo.",negativo,2,Santander
"Nunca tive problemas com o app, sempre funciona perfeitamente ",positivo,4,Next
"Funciona bem para uso cotidiano, falta melhorar o suporte avançado Aguardando melhorias.",neutro,3,Bradesco
"App estável e bonito, atualizações sempre melhoram a experiência do banco.",positivo,4,Itaú
Cobraram IOF absurdo sem informar antes da compra internacional Absurdo.,negativo,2,Santander
"Suporte humanizado e ágil, nunca precisei esperar muito nunca decepcionou.",positivo,5,Itaú
"App muito bom, transferências instantâneas sem nenhum problema sem dúvida.",positivo,4,PicPay
"Cancelei o cartão e continuaram cobrando anuidade, absurdo Absurdo.",negativo,2,Next
"Extrato detalhado e claro, consigo entender todos os gastos facilmente sempre.",positivo,4,Santander
"Abri minha conta em minutos, processo simples e rápido nunca decepcionou.",positivo,5,C6 Bank
"App estável e bonito, atualizações sempre melhoram a experiência do banco.",positivo,4,Santander
"Estorno demorou 30 dias, totalmente inadmissível ",negativo,2,Inter
Investi meu dinheiro pelo app e o processo foi muito simples com certeza.,positivo,5,Nubank
Fraude na minha conta e o banco demora semanas para resolver ,negativo,2,Banco do Brasil
"App simples e direto, sem muitos recursos mas cumpre o básico No geral ok.",neutro,3,Bradesco
"App simples e direto, sem muitos recursos mas cumpre o básico Está de bom tamanho.",neutro,3,Nubank
"App simples e direto, sem muitos recursos mas cumpre o básico ",neutro,3,Nubank
Conta sem tarifas mas o limite de crédito poderia ser maior Aguardando melhorias.,neutro,3,Bradesco
Atendimento ok mas poderia ser mais rápido em horários de pico ,neutro,3,Santander
"Transferência via Pix funcionou perfeitamente, sem demora nenhuma com certeza.",positivo,4,Next
"Taxa de câmbio abusiva, cobram muito mais que outros bancos Não recomendo.",negativo,1,Itaú
Fraude na minha conta e o banco demora semanas para resolver Decepcionante.,negativo,2,PicPay
"Banco novo ainda se desenvolvendo, tem potencial mas falta recurso ",neutro,3,PicPay
"Uso para transferências simples, funciona bem para isso Vou continuar usando.",neutro,3,Itaú
"Tarifas aceitáveis, não é o mais barato mas também não é caro Está de bom tamanho.",neutro,3,Banco do Brasil
App funciona bem na maioria das vezes mas às vezes trava Vou continuar usando.,neutro,3,Santander
"Crédito aprovado na hora, processo 100% digital e sem burocracia vale muito a pena.",positivo,5,Itaú
"Atendimento horrível, fiquei 2 horas esperando na fila do chat Decepcionante.",negativo,1,Itaú
"Banco novo ainda se desenvolvendo, tem potencial mas falta recurso Vou continuar usando.",neutro,3,Next
Algumas funcionalidades boas mas falta o cartão físico virtual Está de bom tamanho.,neutro,3,C6 Bank
App funciona bem na maioria das vezes mas às vezes trava No geral ok.,neutro,3,PicPay
"Nada de especial, igual a outros bancos digitais do mercado Aguardando melhorias.",neutro,3,Itaú
"Sistema fora do ar nos fins de semana, totalmente irresponsável Não recomendo.",negativo,1,Neon
"Rendimento mediano, existem opções melhores no mercado hoje Aguardando melhorias.",neutro,3,Neon
App funciona bem na maioria das vezes mas às vezes trava Vou continuar usando.,neutro,3,Bradesco
"Pior experiência bancária da minha vida, vou cancelar a conta Vou cancelar.",negativo,2,Bradesco
"Banco novo ainda se desenvolvendo, tem potencial mas falta recurso ",neutro,3,Banco do Brasil
"Cobraram tarifa que não estava prevista, uma vergonha Vou cancelar.",negativo,2,Next
"Suporte humanizado e ágil, nunca precisei esperar muito ",positivo,4,Bradesco
"App simples e direto, sem muitos recursos mas cumpre o básico ",neutro,3,Nubank
"Atendimento horrível, fiquei 2 horas esperando na fila do chat Evitem.",negativo,1,PicPay
"Taxa de câmbio abusiva, cobram muito mais que outros bancos Não recomendo.",negativo,1,Neon
"Melhor banco que já tive, zero tarifas e suporte incrível nunca decepcionou.",positivo,5,Bradesco
"Nada de especial, igual a outros bancos digitais do mercado Aguardando melhorias.",neutro,3,Banco do Brasil
"Crédito aprovado na hora, processo 100% digital e sem burocracia com certeza.",positivo,4,C6 Bank
Conta sem tarifas mas o limite de crédito poderia ser maior Está de bom tamanho.,neutro,3,Santander
"Cobraram anuidade que disseram que seria zero, propaganda enganosa Decepcionante.",negativo,1,Santander
"Rendimento mediano, existem opções melhores no mercado hoje Vou continuar usando.",neutro,3,Banco do Brasil
Conta bloqueada por suspeita de fraude mesmo sendo transação minha ,negativo,1,Nubank
Satisfeito com o básico mas quero ver evolução nos próximos meses Aguardando melhorias.,neutro,3,Neon
"Tarifas aceitáveis, não é o mais barato mas também não é caro Vou continuar usando.",neutro,3,Santander
"Transferência via Pix funcionou perfeitamente, sem demora nenhuma do banco.",positivo,5,Bradesco
Satisfeito com o básico mas quero ver evolução nos próximos meses No geral ok.,neutro,3,Inter
Algumas funcionalidades boas mas falta o cartão físico virtual Vou continuar usando.,neutro,3,Inter
"Banco que valoriza o cliente, promoções e benefícios reais vale muito a pena.",positivo,4,Bradesco
Limite ridículo que não aumenta mesmo com bom histórico Evitem.,negativo,2,Nubank
Atendentes mal treinados que não sabem responder nada Não recomendo.,negativo,2,PicPay
"Tarifas aceitáveis, não é o mais barato mas também não é caro Aguardando melhorias.",neutro,3,Itaú
Atendimento ok mas poderia ser mais rápido em horários de pico Vou continuar usando.,neutro,3,Santander
Bloquearam meu cartão sem motivo e não consegui desbloquear Evitem.,negativo,1,Inter
"Estou muito feliz com a decisão de trocar de banco, recomendo sem dúvida.",positivo,5,Itaú
Atendimento ok mas poderia ser mais rápido em horários de pico Vou continuar usando.,neutro,3,Neon
"Cobraram tarifa que não estava prevista, uma vergonha ",negativo,2,Nubank
Limite ridículo que não aumenta mesmo com bom histórico Decepcionante.,negativo,2,C6 Bank
"Notificações em tempo real de todas as transações, me sinto seguro sempre.",positivo,5,Bradesco
"Cancelei o cartão e continuaram cobrando anuidade, absurdo Não recomendo.",negativo,2,Banco do Brasil
"Sistema fora do ar nos fins de semana, totalmente irresponsável Não recomendo.",negativo,2,Bradesco
"Estou muito feliz com a decisão de trocar de banco, recomendo ",positivo,4,Next
"Prefiro para conta corrente, para investimentos tem opções melhores ",neutro,3,Itaú
Conta sem tarifas mas o limite de crédito poderia ser maior Aguardando melhorias.,neutro,3,C6 Bank
Transferência rejeitada sem motivo nenhum e sem explicação Vou cancelar.,negativo,1,Neon
"Tarifas abusivas, cobram por tudo e explicam muito mal Péssimo.",negativo,2,Neon
Conta bloqueada por suspeita de fraude mesmo sendo transação minha Decepcionante.,negativo,1,Itaú
"Fila de espera eterna para falar com humano, é impossível Péssimo.",negativo,1,Santander
"Banco novo ainda se desenvolvendo, tem potencial mas falta recurso No geral ok.",neutro,3,Inter
Suporte demora às vezes mas resolve no final das contas ,neutro,3,Bradesco
Atendimento ok mas poderia ser mais rápido em horários de pico No geral ok.,neutro,3,Inter
Transferência rejeitada sem motivo nenhum e sem explicação Nunca mais.,negativo,2,Next
Atendimento ok mas poderia ser mais rápido em horários de pico ,neutro,3,Neon
"Tarifas aceitáveis, não é o mais barato mas também não é caro No geral ok.",neutro,3,Neon
"Cobraram anuidade que disseram que seria zero, propaganda enganosa Evitem.",negativo,1,Bradesco
"Funciona bem para uso cotidiano, falta melhorar o suporte avançado Está de bom tamanho.",neutro,3,Neon
Meu pix sumiu e o banco não me dá retorno nenhum Não recomendo.,negativo,2,Neon
"Prefiro para conta corrente, para investimentos tem opções melhores Está de bom tamanho.",neutro,3,Inter
"Taxa de câmbio abusiva, cobram muito mais que outros bancos Não recomendo.",negativo,2,Neon
"Prefiro para conta corrente, para investimentos tem opções melhores Aguardando melhorias.",neutro,3,Nubank
"Suporte humanizado e ágil, nunca precisei esperar muito com certeza.",positivo,5,Santander
"App estável e bonito, atualizações sempre melhoram a experiência vale muito a pena.",positivo,4,Next
"Nada de especial, igual a outros bancos digitais do mercado No geral ok.",neutro,3,Nubank
"Conta salário sem taxas, economizo muito todo mês sem dúvida.",positivo,4,C6 Bank
"Aplicativo horrível no iOS, não abre desde a última atualização Absurdo.",negativo,2,Next
"Estou muito feliz com a decisão de trocar de banco, recomendo no geral.",positivo,4,C6 Bank
Bloquearam meu cartão sem motivo e não consegui desbloquear Vou cancelar.,negativo,1,PicPay
"Aplicativo muito seguro, autenticação por biometria funciona perfeitamente sempre.",positivo,5,Santander
"Não consigo acessar o extrato antigo, app apagou tudo Evitem.",negativo,2,Inter
"Prefiro para conta corrente, para investimentos tem opções melhores No geral ok.",neutro,3,Banco do Brasil
"App simples e direto, sem muitos recursos mas cumpre o básico ",neutro,3,Banco do Brasil
"Funciona bem para uso cotidiano, falta melhorar o suporte avançado Aguardando melhorias.",neutro,3,Bradesco
Algumas funcionalidades boas mas falta o cartão físico virtual Vou continuar usando.,neutro,3,Nubank
"Uso para transferências simples, funciona bem para isso No geral ok.",neutro,3,C6 Bank
"Extrato detalhado e claro, consigo entender todos os gastos facilmente sem dúvida.",positivo,5,PicPay
"Taxa de câmbio abusiva, cobram muito mais que outros bancos Vou cancelar.",negativo,2,Banco do Brasil
"Estou muito feliz com a decisão de trocar de banco, recomendo todo dia uso.",positivo,5,PicPay
"Tarifas aceitáveis, não é o mais barato mas também não é caro Aguardando melhorias.",neutro,3,C6 Bank
"Estorno demorou 30 dias, totalmente inadmissível Decepcionante.",negativo,1,Santander
Conta sem tarifas mas o limite de crédito poderia ser maior ,neutro,3,Next
Cobraram IOF absurdo sem informar antes da compra internacional ,negativo,1,Inter
Transferência rejeitada sem motivo nenhum e sem explicação Evitem.,negativo,2,PicPay
Conta sem tarifas mas o limite de crédito poderia ser maior ,neutro,3,Nubank
"Limite de crédito aumentado sem eu pedir, banco confiante no cliente vale muito a pena.",positivo,5,Nubank
App travou durante uma transferência e o dinheiro sumiu do saldo Decepcionante.,negativo,1,Santander
"Nada de especial, igual a outros bancos digitais do mercado Aguardando melhorias.",neutro,3,C6 Bank
"Não consigo acessar minha conta há dias, suporte não resolve Vou cancelar.",negativo,2,Nubank
"Prefiro para conta corrente, para investimentos tem opções melhores Está de bom tamanho.",neutro,3,Bradesco
"Rendimento mediano, existem opções melhores no mercado hoje No geral ok.",neutro,3,Bradesco
"Interface linda e funcional, uso todos os dias sem problemas do banco.",positivo,5,Banco do Brasil
"Atendimento via chat foi excelente, resolveram tudo rapidamente com certeza.",positivo,4,PicPay
App funciona bem na maioria das vezes mas às vezes trava Vou continuar usando.,neutro,3,C6 Bank
"Cobraram anuidade que disseram que seria zero, propaganda enganosa Não recomendo.",negativo,1,Banco do Brasil
"Nada de especial, igual a outros bancos digitais do mercado Vou continuar usando.",neutro,3,Nubank
App travou durante uma transferência e o dinheiro sumiu do saldo ,negativo,2,Bradesco
"Tarifas aceitáveis, não é o mais barato mas também não é caro No geral ok.",neutro,3,PicPay
"Não consigo acessar minha conta há dias, suporte não resolve Decepcionante.",negativo,1,Nubank
Algumas funcionalidades boas mas falta o cartão físico virtual Aguardando melhorias.,neutro,3,Itaú
App funciona bem na maioria das vezes mas às vezes trava Aguardando melhorias.,neutro,3,Banco do Brasil
"Aplicativo muito seguro, autenticação por biometria funciona perfeitamente nunca decepcionou.",positivo,5,Santander
"Prefiro para conta corrente, para investimentos tem opções melhores ",neutro,3,Next
"Uso para transferências simples, funciona bem para isso No geral ok.",neutro,3,Santander
"Cobraram tarifa que não estava prevista, uma vergonha ",negativo,2,Nubank
Bloquearam meu cartão sem motivo e não consegui desbloquear Péssimo.,negativo,2,Bradesco
App travou durante uma transferência e o dinheiro sumiu do saldo Não recomendo.,negativo,2,Nubank
"Melhor banco que já tive, zero tarifas e suporte incrível nunca decepcionou.",positivo,4,Banco do Brasil
"Aplicativo excelente, muito fácil de usar e intuitivo sem dúvida.",positivo,5,Inter
"Funciona bem para uso cotidiano, falta melhorar o suporte avançado Vou continuar usando.",neutro,3,PicPay
"Rendimento mediano, existem opções melhores no mercado hoje Vou continuar usando.",neutro,3,C6 Bank
"Conta salário sem taxas, economizo muito todo mês com certeza.",positivo,5,Next
"Notificações em tempo real de todas as transações, me sinto seguro com certeza.",positivo,5,Next
"Ótimo banco digital, recomendo para todos os meus amigos ",positivo,5,Bradesco
Satisfeito com o básico mas quero ver evolução nos próximos meses ,neutro,3,Itaú
"Transferência via Pix funcionou perfeitamente, sem demora nenhuma no geral.",positivo,5,Next
Fraude na minha conta e o banco demora semanas para resolver Nunca mais.,negativo,1,Inter
"Prefiro para conta corrente, para investimentos tem opções melhores Está de bom tamanho.",neutro,3,Neon
"Taxa de câmbio abusiva, cobram muito mais que outros bancos Vou cancelar.",negativo,1,Next
"Extrato detalhado e claro, consigo entender todos os gastos facilmente com certeza.",positivo,5,Nubank
Fraude na minha conta e o banco demora semanas para resolver Decepcionante.,negativo,1,C6 Bank
Atendimento ok mas poderia ser mais rápido em horários de pico Aguardando melhorias.,neutro,3,C6 Bank
"Atendimento horrível, fiquei 2 horas esperando na fila do chat Evitem.",negativo,2,Nubank
"Cobraram anuidade que disseram que seria zero, propaganda enganosa Nunca mais.",negativo,1,C6 Bank
"Fila de espera eterna para falar com humano, é impossível Nunca mais.",negativo,1,Nubank
"Banco que valoriza o cliente, promoções e benefícios reais com certeza.",positivo,4,Neon
"Estou muito feliz com a decisão de trocar de banco, recomendo com certeza.",positivo,4,Neon
"Sistema fora do ar nos fins de semana, totalmente irresponsável Nunca mais.",negativo,1,PicPay
Atendentes mal treinados que não sabem responder nada Absurdo.,negativo,1,Inter
"Cartão sem anuidade e cashback real, estou muito satisfeito ",positivo,5,Nubank
"Nada de especial, igual a outros bancos digitais do mercado Vou continuar usando.",neutro,3,C6 Bank
"Cobraram tarifa que não estava prevista, uma vergonha Péssimo.",negativo,1,Nubank
App funciona bem na maioria das vezes mas às vezes trava ,neutro,3,Santander
Atendimento ok mas poderia ser mais rápido em horários de pico Vou continuar usando.,neutro,3,C6 Bank
"Atendimento rápido e eficiente, resolveram meu problema em minutos no geral.",positivo,5,Nubank
Suporte demora às vezes mas resolve no final das contas Aguardando melhorias.,neutro,3,Inter
"Estou muito feliz com a decisão de trocar de banco, recomendo sempre.",positivo,4,Santander
"Ótimo banco digital, recomendo para todos os meus amigos com certeza.",positivo,4,Next
"Interface linda e funcional, uso todos os dias sem problemas sem dúvida.",positivo,4,Next
"Cobraram tarifa que não estava prevista, uma vergonha Decepcionante.",negativo,2,Banco do Brasil
Bloquearam meu cartão sem motivo e não consegui desbloquear Nunca mais.,negativo,1,PicPay
"Atendimento via chat foi excelente, resolveram tudo rapidamente vale muito a pena.",positivo,5,Banco do Brasil
Conta sem tarifas mas o limite de crédito poderia ser maior Aguardando melhorias.,neutro,3,Itaú
"Conta salário sem taxas, economizo muito todo mês sempre.",positivo,4,Bradesco
App funciona bem na maioria das vezes mas às vezes trava ,neutro,3,C6 Bank
"Transferência via Pix funcionou perfeitamente, sem demora nenhuma no geral.",positivo,5,Santander
Suporte demora às vezes mas resolve no final das contas Aguardando melhorias.,neutro,3,Inter
"Não consigo acessar minha conta há dias, suporte não resolve Decepcionante.",negativo,2,Inter
"Rendimento mediano, existem opções melhores no mercado hoje Aguardando melhorias.",neutro,3,Banco do Brasil
Atendimento ok mas poderia ser mais rápido em horários de pico Aguardando melhorias.,neutro,3,PicPay
Suporte demora às vezes mas resolve no final das contas Aguardando melhorias.,neutro,3,Next
"Extrato detalhado e claro, consigo entender todos os gastos facilmente ",positivo,5,Banco do Brasil
Suporte demora às vezes mas resolve no final das contas Está de bom tamanho.,neutro,3,Inter
"Aplicativo muito seguro, autenticação por biometria funciona perfeitamente no geral.",positivo,5,Itaú
App funciona bem na maioria das vezes mas às vezes trava ,neutro,3,Santander
"Sistema fora do ar nos fins de semana, totalmente irresponsável Nunca mais.",negativo,1,PicPay
"Péssimo aplicativo, cai toda hora e perco tempo com isso Vou cancelar.",negativo,2,PicPay
"Nada de especial, igual a outros bancos digitais do mercado Está de bom tamanho.",neutro,3,Next
Suporte demora às vezes mas resolve no final das contas No geral ok.,neutro,3,Santander
"Tarifas aceitáveis, não é o mais barato mas também não é caro No geral ok.",neutro,3,Inter
"Banco que valoriza o cliente, promoções e benefícios reais sempre.",positivo,5,C6 Bank
"Limite de crédito aumentado sem eu pedir, banco confiante no cliente sempre.",positivo,5,C6 Bank
"Extrato detalhado e claro, consigo entender todos os gastos facilmente todo dia uso.",positivo,5,Santander
"Não consigo acessar minha conta há dias, suporte não resolve Vou cancelar.",negativo,2,Inter
"App simples e direto, sem muitos recursos mas cumpre o básico Aguardando melhorias.",neutro,3,Banco do Brasil
"Tarifas abusivas, cobram por tudo e explicam muito mal Nunca mais.",negativo,2,Next
Suporte demora às vezes mas resolve no final das contas Aguardando melhorias.,neutro,3,Santander
"Suporte robotizado que não resolve nada, completamente inútil Péssimo.",negativo,2,Santander
"Nada de especial, igual a outros bancos digitais do mercado ",neutro,3,Santander
"Banco novo ainda se desenvolvendo, tem potencial mas falta recurso Está de bom tamanho.",neutro,3,Inter
"Abri minha conta em minutos, processo simples e rápido do banco.",positivo,4,C6 Bank
"Sistema fora do ar nos fins de semana, totalmente irresponsável Absurdo.",negativo,1,Banco do Brasil
Cobraram IOF absurdo sem informar antes da compra internacional Péssimo.,negativo,2,PicPay
"Interface linda e funcional, uso todos os dias sem problemas com certeza.",positivo,4,Bradesco
Algumas funcionalidades boas mas falta o cartão físico virtual Está de bom tamanho.,neutro,3,Banco do Brasil
"Prefiro para conta corrente, para investimentos tem opções melhores No geral ok.",neutro,3,Inter
"Sistema fora do ar nos fins de semana, totalmente irresponsável Decepcionante.",negativo,1,C6 Bank
"Sem cobranças escondidas, totalmente transparente com as tarifas sem dúvida.",positivo,4,Inter
"Melhor banco que já tive, zero tarifas e suporte incrível no geral.",positivo,4,Neon
"Limite de crédito aumentado sem eu pedir, banco confiante no cliente do banco.",positivo,5,PicPay
"App simples e direto, sem muitos recursos mas cumpre o básico Aguardando melhorias.",neutro,3,Neon
Limite ridículo que não aumenta mesmo com bom histórico Evitem.,negativo,1,Nubank
"Não consigo acessar o extrato antigo, app apagou tudo Não recomendo.",negativo,2,Bradesco
"Cobraram anuidade que disseram que seria zero, propaganda enganosa Decepcionante.",negativo,1,Bradesco
"App lento e cheio de bugs, precisa melhorar urgentemente Decepcionante.",negativo,1,Itaú
"Melhor banco que já tive, zero tarifas e suporte incrível no geral.",positivo,4,Inter
"Fila de espera eterna para falar com humano, é impossível Evitem.",negativo,1,Itaú
"Banco razoável, tem pontos bons e pontos a melhorar ainda Aguardando melhorias.",neutro,3,Neon
App travou durante uma transferência e o dinheiro sumiu do saldo Evitem.,negativo,2,PicPay
"Pior experiência bancária da minha vida, vou cancelar a conta ",negativo,2,Next
"Nada de especial, igual a outros bancos digitais do mercado Está de bom tamanho.",neutro,3,C6 Bank
"Rendimento da conta superior aos outros bancos, ótima opção do banco.",positivo,5,C6 Bank
"Atendimento via chat foi excelente, resolveram tudo rapidamente sem dúvida.",positivo,4,Santander
"Crédito aprovado na hora, processo 100% digital e sem burocracia do banco.",positivo,4,Next
"Cancelei o cartão e continuaram cobrando anuidade, absurdo Evitem.",negativo,2,PicPay
"Fila de espera eterna para falar com humano, é impossível Vou cancelar.",negativo,2,C6 Bank
"Rendimento da conta superior aos outros bancos, ótima opção do banco.",positivo,4,Banco do Brasil
"Notificações em tempo real de todas as transações, me sinto seguro sem dúvida.",positivo,5,Inter
"Funciona bem para uso cotidiano, falta melhorar o suporte avançado No geral ok.",neutro,3,Itaú
Satisfeito com o básico mas quero ver evolução nos próximos meses Está de bom tamanho.,neutro,3,Neon
"Aplicativo horrível no iOS, não abre desde a última atualização Nunca mais.",negativo,1,Bradesco
"Nada de especial, igual a outros bancos digitais do mercado No geral ok.",neutro,3,Nubank
Meu pix sumiu e o banco não me dá retorno nenhum Evitem.,negativo,2,Next
"Banco novo ainda se desenvolvendo, tem potencial mas falta recurso Aguardando melhorias.",neutro,3,C6 Bank
"Suporte robotizado que não resolve nada, completamente inútil Péssimo.",negativo,2,PicPay
App funciona bem na maioria das vezes mas às vezes trava ,neutro,3,Neon
"Transferência via Pix funcionou perfeitamente, sem demora nenhuma vale muito a pena.",positivo,5,Inter
"Atendimento horrível, fiquei 2 horas esperando na fila do chat ",negativo,2,Bradesco
Conta sem tarifas mas o limite de crédito poderia ser maior Aguardando melhorias.,neutro,3,Itaú
App travou durante uma transferência e o dinheiro sumiu do saldo Absurdo.,negativo,1,Itaú
"Tarifas aceitáveis, não é o mais barato mas também não é caro Está de bom tamanho.",neutro,3,Itaú
"Atendimento via chat foi excelente, resolveram tudo rapidamente sempre.",positivo,4,Inter
Algumas funcionalidades boas mas falta o cartão físico virtual No geral ok.,neutro,3,Next
"Tarifas aceitáveis, não é o mais barato mas também não é caro No geral ok.",neutro,3,Inter
"Cobraram anuidade que disseram que seria zero, propaganda enganosa Absurdo.",negativo,2,PicPay
Atendimento ok mas poderia ser mais rápido em horários de pico Vou continuar usando.,neutro,3,C6 Bank
"Aplicativo horrível no iOS, não abre desde a última atualização ",negativo,1,Banco do Brasil
"Limite de crédito aumentado sem eu pedir, banco confiante no cliente no geral.",positivo,5,Itaú
"App lento e cheio de bugs, precisa melhorar urgentemente Decepcionante.",negativo,1,Itaú
Conta bloqueada por suspeita de fraude mesmo sendo transação minha Decepcionante.,negativo,1,Neon
Atendimento ok mas poderia ser mais rápido em horários de pico Vou continuar usando.,neutro,3,Itaú
Algumas funcionalidades boas mas falta o cartão físico virtual ,neutro,3,Inter
"Melhor banco que já tive, zero tarifas e suporte incrível vale muito a pena.",positivo,5,Inter
"Atendimento rápido e eficiente, resolveram meu problema em minutos nunca decepcionou.",positivo,5,C6 Bank
"App estável e bonito, atualizações sempre melhoram a experiência sem dúvida.",positivo,5,PicPay
"App lento e cheio de bugs, precisa melhorar urgentemente Péssimo.",negativo,2,Itaú
"App muito bom, transferências instantâneas sem nenhum problema do banco.",positivo,5,Banco do Brasil
"Conta salário sem taxas, economizo muito todo mês sempre.",positivo,4,Bradesco
"Banco razoável, tem pontos bons e pontos a melhorar ainda Aguardando melhorias.",neutro,3,Inter
"Ótimo banco digital, recomendo para todos os meus amigos sempre.",positivo,4,Nubank
"Cobraram anuidade que disseram que seria zero, propaganda enganosa Péssimo.",negativo,2,C6 Bank
"Rendimento mediano, existem opções melhores no mercado hoje ",neutro,3,Nubank
Bloquearam meu cartão sem motivo e não consegui desbloquear Nunca mais.,negativo,1,Itaú
Conta bloqueada por suspeita de fraude mesmo sendo transação minha Absurdo.,negativo,1,Bradesco
"Não consigo acessar o extrato antigo, app apagou tudo Nunca mais.",negativo,1,Nubank
Atendimento ok mas poderia ser mais rápido em horários de pico Aguardando melhorias.,neutro,3,Itaú
"App muito bom, transferências instantâneas sem nenhum problema do banco.",positivo,4,Nubank
"Suporte robotizado que não resolve nada, completamente inútil Evitem.",negativo,2,Bradesco
"Ótimo banco digital, recomendo para todos os meus amigos vale muito a pena.",positivo,5,Next
"Não consigo acessar minha conta há dias, suporte não resolve Vou cancelar.",negativo,2,C6 Bank
"Funciona bem para uso cotidiano, falta melhorar o suporte avançado Aguardando melhorias.",neutro,3,Itaú
"Rendimento da conta superior aos outros bancos, ótima opção no geral.",positivo,4,Neon
"Cobraram tarifa que não estava prevista, uma vergonha Nunca mais.",negativo,1,C6 Bank
"Atendimento rápido e eficiente, resolveram meu problema em minutos sem dúvida.",positivo,5,C6 Bank
"Suporte robotizado que não resolve nada, completamente inútil ",negativo,1,Bradesco
"Nunca tive problemas com o app, sempre funciona perfeitamente nunca decepcionou.",positivo,5,Nubank
"Excelente experiência com o suporte via WhatsApp, muito ágil ",positivo,5,Next
"Cancelei o cartão e continuaram cobrando anuidade, absurdo Nunca mais.",negativo,2,PicPay
"Excelente experiência com o suporte via WhatsApp, muito ágil nunca decepcionou.",positivo,4,Santander
App travou durante uma transferência e o dinheiro sumiu do saldo Nunca mais.,negativo,2,Nubank
"Interface linda e funcional, uso todos os dias sem problemas nunca decepcionou.",positivo,4,Santander
"Banco novo ainda se desenvolvendo, tem potencial mas falta recurso No geral ok.",neutro,3,Santander
"Melhor banco que já tive, zero tarifas e suporte incrível no geral.",positivo,4,Banco do Brasil
"Cartão sem anuidade e cashback real, estou muito satisfeito sempre.",positivo,4,Bradesco
"Atendimento via chat foi excelente, resolveram tudo rapidamente todo dia uso.",positivo,5,Bradesco
App funciona bem na maioria das vezes mas às vezes trava Vou continuar usando.,neutro,3,Itaú
"Taxa de câmbio abusiva, cobram muito mais que outros bancos Decepcionante.",negativo,1,Santander
"Interface linda e funcional, uso todos os dias sem problemas do banco.",positivo,4,Neon
